monument,monumentLabel,founder,founderLabel,genderLabel,birthDate,deathDate,lifespan,birthCountryLabel,deathCountryLabel,universityLabel
http://www.wikidata.org/entity/Q4146796,Государственный дом-музей П. И. Чайковского,http://www.wikidata.org/entity/Q2306644,Модест Ильич Чайковский,мужской пол,1850-05-13T00:00:00Z,1916-01-16T00:00:00Z,66,Россия,Россия,Императорское училище правоведения
http://www.wikidata.org/entity/Q672913,Арканзас-Пост,http://www.wikidata.org/entity/Q2711731,Henri de Tonti,мужской пол,1649-01-01T00:00:00Z,1704-09-01T00:00:00Z,55,Италия,США,
http://www.wikidata.org/entity/Q1771696,Чарминар,http://www.wikidata.org/entity/Q2467539,Мухаммад Кули Кутб-шах,мужской пол,1565-01-01T00:00:00Z,1612-01-11T00:00:00Z,47,Индия,Индия,
http://www.wikidata.org/entity/Q5142855,Colegio Mayor de Santiago el Zebedeo,http://www.wikidata.org/entity/Q3320905,Алонсо III Фонсека,мужской пол,1476-01-01T00:00:00Z,1534-01-01T00:00:00Z,58,Испания,Испания,Университет Саламанки
http://www.wikidata.org/entity/Q479218,Mémorial de la Shoah,http://www.wikidata.org/entity/Q3154773,Isaac Schneersohn,мужской пол,1881-03-14T00:00:00Z,1969-06-24T00:00:00Z,88,Украина,Франция,
http://www.wikidata.org/entity/Q13668536,мыза Рябово,http://www.wikidata.org/entity/Q4492760,"Фридрикс, Иван Юрьевич",мужской пол,1723-04-28T00:00:00Z,1779-09-25T00:00:00Z,56,Россия,Россия,
http://www.wikidata.org/entity/Q5785882,Convento de Santa Rosalía,http://www.wikidata.org/entity/Q2890813,Jaime de Palafox i Cardona,мужской пол,1642-12-13T00:00:00Z,1701-12-03T00:00:00Z,59,Испания,Испания,Университет Саламанки
http://www.wikidata.org/entity/Q108276244,Ильинские рубежи,http://www.wikidata.org/entity/Q4443773,Иван Семёнович Стрельбицкий,мужской пол,1900-10-07T00:00:00Z,1980-11-25T00:00:00Z,80,Украина,Россия,Военная академия Генерального штаба Вооружённых сил Российской Федерации
http://www.wikidata.org/entity/Q3571406,Yamada-dera,http://www.wikidata.org/entity/Q3488899,Сога-но Маро,мужской пол,0650-01-01T00:00:00Z,0649-05-18T00:00:00Z,-1,,Япония,
http://www.wikidata.org/entity/Q5785882,Convento de Santa Rosalía,http://www.wikidata.org/entity/Q2890813,Jaime de Palafox i Cardona,мужской пол,1642-12-13T00:00:00Z,1701-12-03T00:00:00Z,59,Испания,Испания,Сарагосский университет
http://www.wikidata.org/entity/Q6102073,Monastery of la Consolación,http://www.wikidata.org/entity/Q5973387,Leonor de Castilla,женский пол,1393-01-01T00:00:00Z,1470-09-16T00:00:00Z,77,,Испания,
http://www.wikidata.org/entity/Q479218,Mémorial de la Shoah,http://www.wikidata.org/entity/Q3154773,Isaac Schneersohn,мужской пол,1879-01-01T00:00:00Z,1969-06-24T00:00:00Z,90,Украина,Франция,
http://www.wikidata.org/entity/Q389366,Morokulien,http://www.wikidata.org/entity/Q4959425,Randi Kolstad,женский пол,1925-05-23T00:00:00Z,1999-10-06T00:00:00Z,74,Норвегия,Норвегия,
http://www.wikidata.org/entity/Q135798546,Bishop Ward Normal and Collegiate Institute,http://www.wikidata.org/entity/Q2149666,Richard H. Cain,мужской пол,1825-04-12T00:00:00Z,1887-01-18T00:00:00Z,62,США,США,Wilberforce University
http://www.wikidata.org/entity/Q131679248,Городище Берёзовское (Берёзово),http://www.wikidata.org/entity/Q4123535,Михаил Константинович Волконский,мужской пол,http://www.wikidata.org/.well-known/genid/56d234e29eea7a1c98577564ea37e96f,1610-01-01T00:00:00Z,,,Россия,
http://www.wikidata.org/entity/Q20514223,Памятник Армену Тиграняну,http://www.wikidata.org/entity/Q4457125,"Тигранян, Эдмонд Арменович",мужской пол,1911-03-22T00:00:00Z,1994-12-21T00:00:00Z,83,Армения,Армения,Санкт-Петербургский государственный архитектурно-строительный университет
http://www.wikidata.org/entity/Q7126264,Palace of the Councils,http://www.wikidata.org/entity/Q3002934,"Кристобаль де Сандоваль, герцог Уседа",мужской пол,1581-04-22T00:00:00Z,1624-05-31T00:00:00Z,43,Испания,Испания,
http://www.wikidata.org/entity/Q4113390,Владычная палата,http://www.wikidata.org/entity/Q4173525,Евфимий II (архиепископ Новгородский),мужской пол,1400-01-01T00:00:00Z,1458-03-20T00:00:00Z,58,Россия,Россия,
http://www.wikidata.org/entity/Q1552535,монастырь Карраседо,http://www.wikidata.org/entity/Q4705710,Sancha Raimúndez,женский пол,1095-01-01T00:00:00Z,1159-03-09T00:00:00Z,64,,Испания,
http://www.wikidata.org/entity/Q5142855,Colegio Mayor de Santiago el Zebedeo,http://www.wikidata.org/entity/Q3320905,Алонсо III Фонсека,мужской пол,1475-01-01T00:00:00Z,1534-02-14T00:00:00Z,59,Испания,Испания,Университет Саламанки
http://www.wikidata.org/entity/Q123003923,Donkin Memorial,http://www.wikidata.org/entity/Q1800501,Rufane Shaw Donkin,мужской пол,1773-01-01T00:00:00Z,1841-05-01T00:00:00Z,68,Великобритания,Великобритания,
http://www.wikidata.org/entity/Q28153633,Mission Dolores State Historic Site,http://www.wikidata.org/entity/Q4776777,Antonio Margil,мужской пол,1657-08-18T00:00:00Z,1726-08-06T00:00:00Z,69,Испания,Мексика,
http://www.wikidata.org/entity/Q570586,Colegio de San Gregorio,http://www.wikidata.org/entity/Q2876903,Alonso de Burgos,мужской пол,1415-01-01T00:00:00Z,1499-11-17T00:00:00Z,84,Испания,Испания,
http://www.wikidata.org/entity/Q13668536,мыза Рябово,http://www.wikidata.org/entity/Q4492760,"Фридрикс, Иван Юрьевич",мужской пол,1723-04-28T00:00:00Z,1779-10-11T00:00:00Z,56,Россия,Россия,
http://www.wikidata.org/entity/Q10380836,Ilê Axé Iyá Omin Iyamassê,http://www.wikidata.org/entity/Q1796410,Mãe Menininha do Gantois,женский пол,1894-02-10T00:00:00Z,1986-08-13T00:00:00Z,92,Бразилия,Бразилия,
http://www.wikidata.org/entity/Q22130875,Kōdōkan,http://www.wikidata.org/entity/Q3196280,Киэн Минагава,мужской пол,1735-01-01T00:00:00Z,1807-06-21T00:00:00Z,72,Япония,Япония,
http://www.wikidata.org/entity/Q5142855,Colegio Mayor de Santiago el Zebedeo,http://www.wikidata.org/entity/Q3320905,Алонсо III Фонсека,мужской пол,1476-01-01T00:00:00Z,1534-02-14T00:00:00Z,58,Испания,Испания,Университет Саламанки
http://www.wikidata.org/entity/Q4240417,Крестовские водонапорные башни,http://www.wikidata.org/entity/Q4061701,"Алексеев, Николай Александрович",мужской пол,1852-10-27T00:00:00Z,1893-03-13T00:00:00Z,41,Россия,Россия,
http://www.wikidata.org/entity/Q6059887,Royal Pantheon,http://www.wikidata.org/entity/Q1847459,Санча Леонская,женский пол,1018-01-01T00:00:00Z,0067-11-05T00:00:00Z,-951,,Испания,
http://www.wikidata.org/entity/Q16716341,Часовня Стемпковского,http://www.wikidata.org/entity/Q4497379,Захар Семёнович Херхеулидзев,мужской пол,1797-01-01T00:00:00Z,1856-04-02T00:00:00Z,59,,Россия,
http://www.wikidata.org/entity/Q16716341,Часовня Стемпковского,http://www.wikidata.org/entity/Q4497379,Захар Семёнович Херхеулидзев,мужской пол,1797-01-01T00:00:00Z,1856-04-02T00:00:00Z,59,,Украина,
http://www.wikidata.org/entity/Q25556753,Ljubuški Fortress,http://www.wikidata.org/entity/Q1312266,Степан Вукчич Косача,мужской пол,1404-01-01T00:00:00Z,1466-05-22T00:00:00Z,62,Босния и Герцеговина,Черногория,
http://www.wikidata.org/entity/Q389366,Morokulien,http://www.wikidata.org/entity/Q3354807,Леннарт Хайланд,мужской пол,1919-09-24T00:00:00Z,1993-03-15T00:00:00Z,74,Швеция,Швеция,
http://www.wikidata.org/entity/Q11771815,Mausoleum of Potocki family in Wilanów,http://www.wikidata.org/entity/Q2832518,Александр Станислав Потоцкий,мужской пол,1778-05-15T00:00:00Z,1845-03-26T00:00:00Z,67,Польша,Польша,
http://www.wikidata.org/entity/Q1775481,Ла-Эспина,http://www.wikidata.org/entity/Q4705710,Sancha Raimúndez,женский пол,1095-01-01T00:00:00Z,1159-03-09T00:00:00Z,64,,Испания,
http://www.wikidata.org/entity/Q136673447,Q136673447,http://www.wikidata.org/entity/Q4481414,Фатали-хан,мужской пол,1736-01-01T00:00:00Z,1789-04-02T00:00:00Z,53,Азербайджан,Азербайджан,
http://www.wikidata.org/entity/Q1517058,Monastery of San Salvador de Celanova,http://www.wikidata.org/entity/Q2659457,Росендо,мужской пол,0907-12-01T00:00:00Z,0977-03-06T00:00:00Z,70,Португалия,Испания,
http://www.wikidata.org/entity/Q4082904,Белохолуницкий машстройзавод,http://www.wikidata.org/entity/Q4539078,Аникита Сергеевич Ярцов,мужской пол,1737-08-17T00:00:00Z,1819-08-14T00:00:00Z,82,Россия,Российская империя,Императорский Московский университет
http://www.wikidata.org/entity/Q7023662,Niagara Falls Hydraulic Power and Manufacturing Company,http://www.wikidata.org/entity/Q5019304,Caleb Smith Woodhull,мужской пол,1792-02-26T00:00:00Z,1866-07-16T00:00:00Z,74,США,США,Йельский университет
http://www.wikidata.org/entity/Q5407312,Palacio de Elsedo,http://www.wikidata.org/entity/Q5867961,Francisco de Hermosa,мужской пол,1657-01-01T00:00:00Z,1714-12-15T00:00:00Z,57,Испания,Испания,
http://www.wikidata.org/entity/Q11374763,Kyoto Kanda Myōjin Shrine,http://www.wikidata.org/entity/Q2975265,Куя,мужской пол,0903-01-01T00:00:00Z,0972-10-25T00:00:00Z,69,,Япония,
http://www.wikidata.org/entity/Q3888432,Castle of Buitrago del Lozoya,http://www.wikidata.org/entity/Q5274703,"Диего Уртадо де Мендоса де ла Вега-и-Луна, 3-й герцог дель Инфантадо",мужской пол,1461-03-20T00:00:00Z,1531-09-09T00:00:00Z,70,Испания,Испания,
http://www.wikidata.org/entity/Q4189689,Звонница на Прохоровском поле,http://www.wikidata.org/entity/Q2386307,"Клыков, Вячеслав Михайлович",мужской пол,1939-10-19T00:00:00Z,2006-06-02T00:00:00Z,67,Россия,Россия,Московский государственный академический художественный институт имени В. И. Сурикова
http://www.wikidata.org/entity/Q5142855,Colegio Mayor de Santiago el Zebedeo,http://www.wikidata.org/entity/Q3320905,Алонсо III Фонсека,мужской пол,1475-01-01T00:00:00Z,1534-01-01T00:00:00Z,59,Испания,Испания,Университет Саламанки
http://www.wikidata.org/entity/Q42431185,Фёдоровский геологический музей,http://www.wikidata.org/entity/Q726827,Евграф Степанович Фёдоров,мужской пол,1853-12-22T00:00:00Z,1919-05-21T00:00:00Z,66,Россия,Россия,Военно-медицинская академия имени С. М. Кирова
http://www.wikidata.org/entity/Q13016474,Phitsanulok Mansion,http://www.wikidata.org/entity/Q161389,Вачиравуд,мужской пол,1881-01-01T00:00:00Z,1925-11-25T00:00:00Z,44,Таиланд,Таиланд,Королевское военное училище
http://www.wikidata.org/entity/Q890652,Церковь Богородица Левишка,http://www.wikidata.org/entity/Q319597,Стефан Урош II Милутин,мужской пол,1253-01-01T00:00:00Z,1321-11-06T00:00:00Z,68,,Сербия,
http://www.wikidata.org/entity/Q5957084,Мавзолей Надир-шаха,http://www.wikidata.org/entity/Q192868,Надир-шах,мужской пол,1698-08-06T00:00:00Z,1747-06-20T00:00:00Z,49,Иран,Иран,
http://www.wikidata.org/entity/Q6403410,Мавзолей Абдуллаха Ансари,http://www.wikidata.org/entity/Q553204,Шахрух,мужской пол,1377-08-28T00:00:00Z,1447-03-13T00:00:00Z,70,Узбекистан,Иран,
http://www.wikidata.org/entity/Q1997245,Эль-Парраль,http://www.wikidata.org/entity/Q310918,Энрике IV,мужской пол,1425-01-14T00:00:00Z,1474-12-20T00:00:00Z,49,Испания,Испания,
http://www.wikidata.org/entity/Q794349,Дворец Бейлербейи,http://www.wikidata.org/entity/Q151500,Абдул-Азиз,мужской пол,1830-02-08T00:00:00Z,1876-06-04T00:00:00Z,46,Турция,Турция,
http://www.wikidata.org/entity/Q42431185,Фёдоровский геологический музей,http://www.wikidata.org/entity/Q726827,Евграф Степанович Фёдоров,мужской пол,1853-12-22T00:00:00Z,1919-05-21T00:00:00Z,66,Россия,Россия,Горный институт
http://www.wikidata.org/entity/Q42431185,Фёдоровский геологический музей,http://www.wikidata.org/entity/Q726827,Евграф Степанович Фёдоров,мужской пол,1853-12-22T00:00:00Z,1919-05-21T00:00:00Z,66,Россия,Россия,Санкт-Петербургский государственный технологический институт
http://www.wikidata.org/entity/Q1137661,Грачаница,http://www.wikidata.org/entity/Q319597,Стефан Урош II Милутин,мужской пол,1253-01-01T00:00:00Z,1321-11-20T00:00:00Z,68,,Сербия,
http://www.wikidata.org/entity/Q1552535,монастырь Карраседо,http://www.wikidata.org/entity/Q342520,Бермудо II,мужской пол,0948-01-01T00:00:00Z,0999-09-09T00:00:00Z,51,,Испания,
http://www.wikidata.org/entity/Q43115071,Monastery of the Anunciación,http://www.wikidata.org/entity/Q174880,Тереза Авильская,женский пол,1515-04-07T00:00:00Z,1582-10-15T00:00:00Z,67,Испания,Испания,
http://www.wikidata.org/entity/Q4158660,Дербентская крепость,http://www.wikidata.org/entity/Q207381,Хосров I Ануширван,мужской пол,0501-01-01T00:00:00Z,0579-01-01T00:00:00Z,78,Иран,Ирак,
http://www.wikidata.org/entity/Q6059887,Royal Pantheon,http://www.wikidata.org/entity/Q296863,Фердинанд I Великий,мужской пол,1016-01-01T00:00:00Z,1066-01-02T00:00:00Z,50,Испания,Испания,
http://www.wikidata.org/entity/Q110316898,Ворота Каракуль,http://www.wikidata.org/entity/Q317649,Абдулла-хан II,мужской пол,1533-01-01T00:00:00Z,1598-01-01T00:00:00Z,65,,Узбекистан,
http://www.wikidata.org/entity/Q7070003,медресе Нурийя,http://www.wikidata.org/entity/Q312973,Нур ад-Дин Махмуд,мужской пол,1118-02-18T00:00:00Z,1174-05-22T00:00:00Z,56,Зангиды,Сирия,
http://www.wikidata.org/entity/Q1516753,Сайходзи,http://www.wikidata.org/entity/Q384703,Мусо Сосэки,мужской пол,1275-01-01T00:00:00Z,1351-10-28T00:00:00Z,76,Япония,Япония,
http://www.wikidata.org/entity/Q11550313,Yōfuku-ji,http://www.wikidata.org/entity/Q242800,Минамото-но Ёритомо,мужской пол,1147-05-16T00:00:00Z,1199-02-09T00:00:00Z,52,Япония,Япония,
http://www.wikidata.org/entity/Q1552535,монастырь Карраседо,http://www.wikidata.org/entity/Q342520,Бермудо II,мужской пол,0953-01-01T00:00:00Z,0999-09-09T00:00:00Z,46,,Испания,
http://www.wikidata.org/entity/Q5776807,коллегиальная церковь Сан-Косме в Сан-Дамиане,http://www.wikidata.org/entity/Q334796,Хиндасвинт,мужской пол,0563-01-01T00:00:00Z,0653-10-03T00:00:00Z,90,Испания,Испания,
http://www.wikidata.org/entity/Q124669910,Колонна мира,http://www.wikidata.org/entity/Q132711,Павел V,мужской пол,1552-09-27T00:00:00Z,1621-01-28T00:00:00Z,69,Италия,Италия,Болонский университет
http://www.wikidata.org/entity/Q115856,Дзуйходэн,http://www.wikidata.org/entity/Q115852,Тадамунэ Датэ,мужской пол,1600-01-23T00:00:00Z,1658-08-10T00:00:00Z,58,Япония,Япония,
http://www.wikidata.org/entity/Q1352282,Национальный археологический музей,http://www.wikidata.org/entity/Q183085,Изабелла II,женский пол,1830-10-10T00:00:00Z,1904-04-09T00:00:00Z,74,Испания,Франция,
http://www.wikidata.org/entity/Q9054574,Palacio de Villena,http://www.wikidata.org/entity/Q251471,Альваро де Луна,мужской пол,1390-01-01T00:00:00Z,1453-06-20T00:00:00Z,63,Испания,Испания,
http://www.wikidata.org/entity/Q5776807,коллегиальная церковь Сан-Косме в Сан-Дамиане,http://www.wikidata.org/entity/Q334796,Хиндасвинт,мужской пол,0563-01-01T00:00:00Z,0653-10-03T00:00:00Z,90,Португалия,Испания,
http://www.wikidata.org/entity/Q13016474,Phitsanulok Mansion,http://www.wikidata.org/entity/Q161389,Вачиравуд,мужской пол,1881-01-01T00:00:00Z,1925-11-25T00:00:00Z,44,Таиланд,Таиланд,Крайст-черч
http://www.wikidata.org/entity/Q1812874,San Miguel de Lillo,http://www.wikidata.org/entity/Q168363,Рамиро I,мужской пол,0791-01-01T00:00:00Z,0850-02-05T00:00:00Z,59,Испания,Испания,
http://www.wikidata.org/entity/Q849517,Монастырь Высокие Дечаны,http://www.wikidata.org/entity/Q314346,Стефан Урош III Дечанский,мужской пол,1276-01-01T00:00:00Z,1331-11-11T00:00:00Z,55,,Сербия,
http://www.wikidata.org/entity/Q124669910,Колонна мира,http://www.wikidata.org/entity/Q132711,Павел V,мужской пол,1552-09-27T00:00:00Z,1621-01-28T00:00:00Z,69,Италия,Италия,Падуанский университет
http://www.wikidata.org/entity/Q131537867,Nobile monument,http://www.wikidata.org/entity/Q291200,Умберто Нобиле,мужской пол,1885-01-21T00:00:00Z,1978-07-30T00:00:00Z,93,Италия,Италия,Неаполитанский университет имени Фридриха II
http://www.wikidata.org/entity/Q5957084,Мавзолей Надир-шаха,http://www.wikidata.org/entity/Q192868,Надир-шах,мужской пол,1688-10-22T00:00:00Z,1747-06-19T00:00:00Z,59,Иран,Иран,
http://www.wikidata.org/entity/Q558159,Мечеть Туркменбаши Рухы,http://www.wikidata.org/entity/Q82918,Сапармурат Атаевич Ниязов,мужской пол,1940-02-19T00:00:00Z,2006-12-21T00:00:00Z,66,Туркменистан,Туркменистан,Санкт-Петербургский политехнический университет Петра Великого
http://www.wikidata.org/entity/Q3630998,Bara Imambara,http://www.wikidata.org/entity/Q719552,Асаф ад-Даул,мужской пол,1748-09-23T00:00:00Z,1797-09-21T00:00:00Z,49,Индия,Индия,
http://www.wikidata.org/entity/Q7070003,медресе Нурийя,http://www.wikidata.org/entity/Q312973,Нур ад-Дин Махмуд,мужской пол,1118-02-18T00:00:00Z,1174-05-22T00:00:00Z,56,Ирак,Сирия,
http://www.wikidata.org/entity/Q558159,Мечеть Туркменбаши Рухы,http://www.wikidata.org/entity/Q82918,Сапармурат Атаевич Ниязов,мужской пол,1940-02-19T00:00:00Z,2006-12-21T00:00:00Z,66,Туркменистан,Туркменистан,Высшая партийная школа при ЦК КПСС
http://www.wikidata.org/entity/Q1934670,Замок королей Наваррских,http://www.wikidata.org/entity/Q358365,Карл III,мужской пол,1361-07-22T00:00:00Z,1425-09-08T00:00:00Z,64,Франция,Испания,
http://www.wikidata.org/entity/Q645181,Латеранский обелиск,http://www.wikidata.org/entity/Q157985,Тутмос IV,мужской пол,-1500-01-01T00:00:00Z,-1389-01-01T00:00:00Z,111,,Египет,
http://www.wikidata.org/entity/Q5655899,"Convent of Santa Teresa, Valladolid",http://www.wikidata.org/entity/Q174880,Тереза Авильская,женский пол,1515-04-07T00:00:00Z,1582-10-15T00:00:00Z,67,Испания,Испания,
http://www.wikidata.org/entity/Q7070003,медресе Нурийя,http://www.wikidata.org/entity/Q312973,Нур ад-Дин Махмуд,мужской пол,1118-02-18T00:00:00Z,1174-05-22T00:00:00Z,56,Аббасидский халифат,Сирия,
http://www.wikidata.org/entity/Q20042067,Nirayama Reverberatory Furnaces,http://www.wikidata.org/entity/Q366267,Эгава Хидэтацу,мужской пол,1801-06-23T00:00:00Z,1855-03-01T00:00:00Z,54,Япония,Япония,
http://www.wikidata.org/entity/Q9004968,Hospital del Rey,http://www.wikidata.org/entity/Q295268,Альфонсо VIII,мужской пол,1155-11-18T00:00:00Z,1214-10-12T00:00:00Z,59,Испания,Испания,
http://www.wikidata.org/entity/Q1137661,Грачаница,http://www.wikidata.org/entity/Q319597,Стефан Урош II Милутин,мужской пол,1253-01-01T00:00:00Z,1321-11-06T00:00:00Z,68,,Сербия,
http://www.wikidata.org/entity/Q115856,Дзуйходэн,http://www.wikidata.org/entity/Q115852,Тадамунэ Датэ,мужской пол,1600-01-23T00:00:00Z,1658-08-10T00:00:00Z,58,Япония,Сёгунат Токугава,
http://www.wikidata.org/entity/Q242803,Ясукуни,http://www.wikidata.org/entity/Q174231,Император Мэйдзи,мужской пол,1852-11-03T00:00:00Z,1912-07-30T00:00:00Z,60,Япония,Япония,
http://www.wikidata.org/entity/Q102109147,Cross of María Isabel Luisa,http://www.wikidata.org/entity/Q186256,Фердинанд VII,мужской пол,1784-10-14T00:00:00Z,1833-09-29T00:00:00Z,49,Испания,Испания,
http://www.wikidata.org/entity/Q4702149,Al-Adiliyah Madrasa,http://www.wikidata.org/entity/Q285133,Аль-Адиль I Ахмад ибн Айюб,мужской пол,1145-06-01T00:00:00Z,1218-09-07T00:00:00Z,73,Ливан,Сирия,
http://www.wikidata.org/entity/Q124669910,Колонна мира,http://www.wikidata.org/entity/Q132711,Павел V,мужской пол,1552-09-27T00:00:00Z,1621-01-28T00:00:00Z,69,Италия,Италия,Университет Перуджи
http://www.wikidata.org/entity/Q838359,Мечеть имама Али,http://www.wikidata.org/entity/Q506243,Азуд ад-Доуле,мужской пол,0936-09-24T00:00:00Z,0983-03-26T00:00:00Z,47,Иран,Ирак,
http://www.wikidata.org/entity/Q1720229,Латинские ворота,http://www.wikidata.org/entity/Q159798,Гонорий,мужской пол,0384-09-10T00:00:00Z,0423-08-16T00:00:00Z,39,Турция,Италия,
http://www.wikidata.org/entity/Q5142854,Colegio Mayor de San Ildefonso,http://www.wikidata.org/entity/Q342392,Франсиско Хименес де Сиснерос,мужской пол,1436-01-01T00:00:00Z,1517-11-18T00:00:00Z,81,Испания,Испания,Университет Саламанки
http://www.wikidata.org/entity/Q2796063,склеп Нассау-Зингенов,http://www.wikidata.org/entity/Q321492,Иоганн Мориц Нассау-Зигенский,мужской пол,1604-06-17T00:00:00Z,1679-12-20T00:00:00Z,75,Германия,Германия,Базельский университет
http://www.wikidata.org/entity/Q3320252,Санта-Мария-ла-Реал-де-Нахера,http://www.wikidata.org/entity/Q359043,Гарсия III,мужской пол,1012-01-01T00:00:00Z,1054-09-01T00:00:00Z,42,Испания,Испания,
http://www.wikidata.org/entity/Q6057871,Palacio de Biblioteca y Museos Nacionales,http://www.wikidata.org/entity/Q183085,Изабелла II,женский пол,1830-10-10T00:00:00Z,1904-04-09T00:00:00Z,74,Испания,Франция,
http://www.wikidata.org/entity/Q54887627,Al-Hurr ibn Yazid Al-Tamimi Mosque,http://www.wikidata.org/entity/Q214559,Исмаил I,мужской пол,1487-07-17T00:00:00Z,1524-05-23T00:00:00Z,37,Иран,Иран,
http://www.wikidata.org/entity/Q688614,Чумная колонна,http://www.wikidata.org/entity/Q223421,Леопольд I,мужской пол,1293-08-11T00:00:00Z,1326-03-08T00:00:00Z,33,Австрия,Франция,
http://www.wikidata.org/entity/Q279689,Монастырь Баньска,http://www.wikidata.org/entity/Q319597,Стефан Урош II Милутин,мужской пол,1253-01-01T00:00:00Z,1321-11-20T00:00:00Z,68,,Сербия,
http://www.wikidata.org/entity/Q5957084,Мавзолей Надир-шаха,http://www.wikidata.org/entity/Q192868,Надир-шах,мужской пол,1698-08-06T00:00:00Z,1747-06-19T00:00:00Z,49,Иран,Иран,
http://www.wikidata.org/entity/Q9178857,Gate building of the Pszczyna Palace,http://www.wikidata.org/entity/Q121895,Balthasar von Promnitz,мужской пол,1488-01-01T00:00:00Z,1562-01-30T00:00:00Z,74,Польша,Польша,Галле-Виттенбергский университет
http://www.wikidata.org/entity/Q5957084,Мавзолей Надир-шаха,http://www.wikidata.org/entity/Q192868,Надир-шах,мужской пол,1688-10-22T00:00:00Z,1747-06-20T00:00:00Z,59,Иран,Иран,
http://www.wikidata.org/entity/Q5776807,коллегиальная церковь Сан-Косме в Сан-Дамиане,http://www.wikidata.org/entity/Q334796,Хиндасвинт,мужской пол,0563-01-01T00:00:00Z,0653-10-03T00:00:00Z,90,Андорра,Испания,
http://www.wikidata.org/entity/Q1186324,Тамаудун,http://www.wikidata.org/entity/Q281765,Сё Син,мужской пол,1465-01-01T00:00:00Z,1526-01-01T00:00:00Z,61,Япония,Япония,
http://www.wikidata.org/entity/Q238990,Мемориальный музей Холокоста,http://www.wikidata.org/entity/Q380363,Джек Трэмиел,мужской пол,1928-12-13T00:00:00Z,2012-04-08T00:00:00Z,84,Польша,США,
http://www.wikidata.org/entity/Q5909702,Iglesia de Nuestra Señora del Manzano,http://www.wikidata.org/entity/Q232323,Беренгария Кастильская,женский пол,1180-06-08T00:00:00Z,1246-11-15T00:00:00Z,66,Испания,Испания,
http://www.wikidata.org/entity/Q7070003,медресе Нурийя,http://www.wikidata.org/entity/Q312973,Нур ад-Дин Махмуд,мужской пол,1118-02-18T00:00:00Z,1174-05-22T00:00:00Z,56,Хамданиды,Сирия,
http://www.wikidata.org/entity/Q25421014,Дюрбе Джанике-ханым,http://www.wikidata.org/entity/Q309585,Тохтамыш,мужской пол,1342-01-01T00:00:00Z,1406-01-01T00:00:00Z,64,,Россия,
http://www.wikidata.org/entity/Q106948777,Allendale Plantation,http://www.wikidata.org/entity/Q328192,Henry Watkins Allen,мужской пол,1820-04-29T00:00:00Z,1866-04-22T00:00:00Z,46,США,Мексика,Гарвардская школа права
http://www.wikidata.org/entity/Q22689848,Мавзолей имама Хасана аль-Басри,http://www.wikidata.org/entity/Q284750,Ан-Насир,мужской пол,1158-08-13T00:00:00Z,1225-10-12T00:00:00Z,67,Ирак,Ирак,
http://www.wikidata.org/entity/Q1760591,Yushima Seidō,http://www.wikidata.org/entity/Q313745,Токугава Цунаёси,мужской пол,1646-02-23T00:00:00Z,1709-02-19T00:00:00Z,63,Япония,Япония,
http://www.wikidata.org/entity/Q115856,Дзуйходэн,http://www.wikidata.org/entity/Q115852,Тадамунэ Датэ,мужской пол,1600-01-23T00:00:00Z,1658-08-10T00:00:00Z,58,Сёгунат Токугава,Япония,
http://www.wikidata.org/entity/Q106948777,Allendale Plantation,http://www.wikidata.org/entity/Q328192,Henry Watkins Allen,мужской пол,1820-04-29T00:00:00Z,1866-04-22T00:00:00Z,46,США,Мексика,Marion College
http://www.wikidata.org/entity/Q890652,Церковь Богородица Левишка,http://www.wikidata.org/entity/Q319597,Стефан Урош II Милутин,мужской пол,1253-01-01T00:00:00Z,1321-11-20T00:00:00Z,68,,Сербия,
http://www.wikidata.org/entity/Q5736,Амарна,http://www.wikidata.org/entity/Q81794,Эхнатон,мужской пол,-1400-01-01T00:00:00Z,-1335-01-01T00:00:00Z,65,Египет,Египет,
http://www.wikidata.org/entity/Q205524,Монастырь Энкарнасьон,http://www.wikidata.org/entity/Q157089,Маргарита Австрийская,женский пол,1584-12-25T00:00:00Z,1611-10-03T00:00:00Z,27,Австрия,Испания,
http://www.wikidata.org/entity/Q9004968,Hospital del Rey,http://www.wikidata.org/entity/Q232144,Элеонора Английская,женский пол,1161-09-01T00:00:00Z,1214-11-07T00:00:00Z,53,Франция,Испания,
http://www.wikidata.org/entity/Q3327561,Монастырь Сан-Хулиан де Самос,http://www.wikidata.org/entity/Q450361,Мартин Брагский,мужской пол,0515-01-01T00:00:00Z,0580-01-01T00:00:00Z,65,Римская империя,Португалия,
http://www.wikidata.org/entity/Q2564552,Монумент нейтралитета,http://www.wikidata.org/entity/Q82918,Сапармурат Атаевич Ниязов,мужской пол,1940-02-19T00:00:00Z,2006-12-21T00:00:00Z,66,Туркменистан,Туркменистан,Санкт-Петербургский политехнический университет Петра Великого
http://www.wikidata.org/entity/Q1321720,Сан-Херонимо де Котальба,http://www.wikidata.org/entity/Q436624,Альфонсо де Арагон и Вейя,мужской пол,1332-01-01T00:00:00Z,1412-03-14T00:00:00Z,80,Испания,Испания,
http://www.wikidata.org/entity/Q5776807,коллегиальная церковь Сан-Косме в Сан-Дамиане,http://www.wikidata.org/entity/Q334796,Хиндасвинт,мужской пол,0563-01-01T00:00:00Z,0653-10-03T00:00:00Z,90,Гибралтар,Испания,
http://www.wikidata.org/entity/Q2564552,Монумент нейтралитета,http://www.wikidata.org/entity/Q82918,Сапармурат Атаевич Ниязов,мужской пол,1940-02-19T00:00:00Z,2006-12-21T00:00:00Z,66,Туркменистан,Туркменистан,Высшая партийная школа при ЦК КПСС
http://www.wikidata.org/entity/Q5776807,коллегиальная церковь Сан-Косме в Сан-Дамиане,http://www.wikidata.org/entity/Q334796,Хиндасвинт,мужской пол,0563-01-01T00:00:00Z,0653-10-03T00:00:00Z,90,Франция,Испания,
http://www.wikidata.org/entity/Q9141,Тадж-Махал,http://www.wikidata.org/entity/Q83672,Шах-Джахан,мужской пол,1592-01-15T00:00:00Z,1666-01-22T00:00:00Z,74,Пакистан,Индия,
http://www.wikidata.org/entity/Q279689,Монастырь Баньска,http://www.wikidata.org/entity/Q319597,Стефан Урош II Милутин,мужской пол,1253-01-01T00:00:00Z,1321-11-06T00:00:00Z,68,,Сербия,
http://www.wikidata.org/entity/Q7070003,медресе Нурийя,http://www.wikidata.org/entity/Q312973,Нур ад-Дин Махмуд,мужской пол,1118-02-18T00:00:00Z,1174-05-22T00:00:00Z,56,Укайлиды,Сирия,
http://www.wikidata.org/entity/Q115856,Дзуйходэн,http://www.wikidata.org/entity/Q115852,Тадамунэ Датэ,мужской пол,1600-01-23T00:00:00Z,1658-08-10T00:00:00Z,58,Сёгунат Токугава,Сёгунат Токугава,
http://www.wikidata.org/entity/Q3250647,Мечеть аль-Аббас,http://www.wikidata.org/entity/Q141317,аль-Мухтар ас-Сакафи,мужской пол,0622-01-01T00:00:00Z,0687-04-06T00:00:00Z,65,Саудовская Аравия,Ирак,
http://www.wikidata.org/entity/Q645181,Латеранский обелиск,http://www.wikidata.org/entity/Q157985,Тутмос IV,мужской пол,-1500-01-01T00:00:00Z,-1400-01-01T00:00:00Z,100,,Египет,
http://www.wikidata.org/entity/Q42431185,Фёдоровский геологический музей,http://www.wikidata.org/entity/Q726827,Евграф Степанович Фёдоров,мужской пол,1853-12-22T00:00:00Z,1919-05-21T00:00:00Z,66,Россия,Россия,Военный институт (инженерно-технический)
http://www.wikidata.org/entity/Q119719218,Королевский мавзолей в Опленаце,http://www.wikidata.org/entity/Q211827,Пётр I Карагеоргиевич,мужской пол,1844-07-11T00:00:00Z,1921-08-16T00:00:00Z,77,Сербия,Сербия,Сен-Сир
http://www.wikidata.org/entity/Q119719218,Королевский мавзолей в Опленаце,http://www.wikidata.org/entity/Q211827,Пётр I Карагеоргиевич,мужской пол,1844-07-11T00:00:00Z,1921-08-16T00:00:00Z,77,Сербия,Сербия,Первая Белградская гимназия
http://www.wikidata.org/entity/Q17026167,Гробница Асаф-хана,http://www.wikidata.org/entity/Q83672,Шах-Джахан,мужской пол,1592-01-15T00:00:00Z,1666-01-22T00:00:00Z,74,Пакистан,Индия,
http://www.wikidata.org/entity/Q84708549,Tokugawa Mausoleum,http://www.wikidata.org/entity/Q314481,Токугава Иэмицу,мужской пол,1604-08-12T00:00:00Z,1651-06-08T00:00:00Z,47,Япония,Япония,
http://www.wikidata.org/entity/Q11823400,Курган мира,http://www.wikidata.org/entity/Q10780825,Алоиз Словак,мужской пол,1859-08-01T00:00:00Z,1930-03-23T00:00:00Z,71,Чехия,Чехия,
http://www.wikidata.org/entity/Q38041345,Q38041345,http://www.wikidata.org/entity/Q11877985,Laurentius Scipio,мужской пол,1611-11-11T00:00:00Z,1691-07-17T00:00:00Z,80,Польша,Чехия,
http://www.wikidata.org/entity/Q50024555,Мемориальный комплекс Хатынь,http://www.wikidata.org/entity/Q15522508,"Селиханов, Сергей Иванович",мужской пол,1917-03-08T00:00:00Z,1976-09-28T00:00:00Z,59,Россия,Беларусь,Витебское художественное училище
http://www.wikidata.org/entity/Q1954226,Museu Arqueològic i d'Història d'Elx,http://www.wikidata.org/entity/Q8194195,Alejandro Ramos Folqués,мужской пол,1906-07-05T00:00:00Z,1984-06-03T00:00:00Z,78,Испания,Испания,
http://www.wikidata.org/entity/Q30623575,Bijoy Toran,http://www.wikidata.org/entity/Q15996467,Bijoy Chand Mahtab,мужской пол,1881-10-19T00:00:00Z,1941-08-29T00:00:00Z,60,Индия,Индия,Калькуттский университет
http://www.wikidata.org/entity/Q66316012,Terreiro Ilê Axé Alabaxé,http://www.wikidata.org/entity/Q86923930,Edson dos Santos,мужской пол,,2012-12-12T00:00:00Z,,,Бразилия,
http://www.wikidata.org/entity/Q112706393,Q112706393,http://www.wikidata.org/entity/Q11986923,Ludvig Holgersen Rosenkrantz,мужской пол,1628-04-19T00:00:00Z,1685-08-23T00:00:00Z,57,Дания,Норвегия,
http://www.wikidata.org/entity/Q50024555,Мемориальный комплекс Хатынь,http://www.wikidata.org/entity/Q13031222,Леонид Менделевич Левин,мужской пол,1936-07-25T00:00:00Z,2014-03-01T00:00:00Z,78,Беларусь,Беларусь,Белорусский национальный технический университет
http://www.wikidata.org/entity/Q118808714,Карагачёвая роща,http://www.wikidata.org/entity/Q13174163,Алексей Михайлович Фетисов,мужской пол,1842-01-01T00:00:00Z,1894-02-13T00:00:00Z,52,Россия,Кыргызстан,
http://www.wikidata.org/entity/Q66315993,Terreiro Aganjú Didê (Ici Mimó),http://www.wikidata.org/entity/Q97013324,Judith Ferreira do Sacramento,женский пол,1800-01-01T00:00:00Z,1940-01-01T00:00:00Z,140,Того,Бразилия,
http://www.wikidata.org/entity/Q118808714,Карагачёвая роща,http://www.wikidata.org/entity/Q13174163,Алексей Михайлович Фетисов,мужской пол,1842-01-01T00:00:00Z,1894-02-13T00:00:00Z,52,Украина,Кыргызстан,
http://www.wikidata.org/entity/Q56146516,Pantheon of the Dukes of Infantado,http://www.wikidata.org/entity/Q75824408,Хуан де Диос де Сильва-и-Мендоса-и-Аро,мужской пол,1672-01-01T00:00:00Z,1737-12-09T00:00:00Z,65,Испания,Испания,
http://www.wikidata.org/entity/Q124071370,Q124071370,http://www.wikidata.org/entity/Q10321684,Luís de Queirós,мужской пол,1849-06-12T00:00:00Z,1898-06-11T00:00:00Z,49,Бразилия,Бразилия,
http://www.wikidata.org/entity/Q18483776,Centro Educacional Carneiro Ribeiro,http://www.wikidata.org/entity/Q16490701,Anísio Teixeira,мужской пол,1900-07-12T00:00:00Z,1971-03-11T00:00:00Z,71,Бразилия,Бразилия,юридический факультет Федерального университета Рио-де-Жанейро
http://www.wikidata.org/entity/Q66315993,Terreiro Aganjú Didê (Ici Mimó),http://www.wikidata.org/entity/Q97013324,Judith Ferreira do Sacramento,женский пол,1800-01-01T00:00:00Z,1940-01-01T00:00:00Z,140,Гана,Бразилия,
http://www.wikidata.org/entity/Q109324748,Lanificio Forti de La Briglia,http://www.wikidata.org/entity/Q47497491,Beniamino Forti,мужской пол,1829-01-01T00:00:00Z,1901-01-01T00:00:00Z,72,Италия,Италия,
http://www.wikidata.org/entity/Q110273358,Чёрмозский завод,http://www.wikidata.org/entity/Q15733414,Николай Григорьевич Строганов,мужской пол,1700-10-02T00:00:00Z,1758-01-01T00:00:00Z,58,Россия,Россия,
http://www.wikidata.org/entity/Q680292,Собрадо,http://www.wikidata.org/entity/Q11682452,Hermenegildo Alóitez,мужской пол,0898-01-01T00:00:00Z,0966-01-01T00:00:00Z,68,Испания,Испания,
http://www.wikidata.org/entity/Q311441,мечеть ар-Рифаи,http://www.wikidata.org/entity/Q19667280,Хошьяр Кадын,женский пол,,1885-06-21T00:00:00Z,,,Египет,
http://www.wikidata.org/entity/Q38041345,Q38041345,http://www.wikidata.org/entity/Q11877985,Laurentius Scipio,мужской пол,1611-11-13T00:00:00Z,1691-09-26T00:00:00Z,80,Польша,Чехия,
http://www.wikidata.org/entity/Q3462700,Palace of Laredo,http://www.wikidata.org/entity/Q21844802,Manuel José de Laredo y Ordoño,мужской пол,1842-04-19T00:00:00Z,1896-06-13T00:00:00Z,54,Испания,Испания,
http://www.wikidata.org/entity/Q3036438,Fournier Museum of Playing Cards,http://www.wikidata.org/entity/Q12258045,Félix Alfaro Fournier,мужской пол,1895-02-02T00:00:00Z,1989-01-23T00:00:00Z,94,Испания,Испания,
http://www.wikidata.org/entity/Q150118,Osaka Castle Park,http://www.wikidata.org/entity/Q11656594,Хадзимэ Сэки,мужской пол,1873-09-26T00:00:00Z,1935-01-26T00:00:00Z,62,Япония,Япония,Tokyo University of Commerce
http://www.wikidata.org/entity/Q5755482,Casa del Fundador Gonzalo Suárez Rendón,http://www.wikidata.org/entity/Q6440163,Gonzalo Suárez Rendón,мужской пол,1503-01-01T00:00:00Z,1590-01-01T00:00:00Z,87,Испания,Колумбия,
http://www.wikidata.org/entity/Q20514223,Памятник Армену Тиграняну,http://www.wikidata.org/entity/Q16383213,Хачатур Искандарян,мужской пол,1923-01-13T00:00:00Z,2015-03-29T00:00:00Z,92,Армения,Армения,Ереванский государственный художественно-театральный институт
http://www.wikidata.org/entity/Q18659414,Памятник Независимости,http://www.wikidata.org/entity/Q6207529,Вильгельм Александр Теслефф,мужской пол,1880-07-27T00:00:00Z,1941-03-26T00:00:00Z,61,Россия,Финляндия,Николаевская академия Генерального штаба
http://www.wikidata.org/entity/Q50024555,Мемориальный комплекс Хатынь,http://www.wikidata.org/entity/Q28598655,Валентин Павлович Занкович,мужской пол,1937-06-05T00:00:00Z,2025-12-23T00:00:00Z,88,Беларусь,Беларусь,Белорусская государственная академия искусств
http://www.wikidata.org/entity/Q38041345,Q38041345,http://www.wikidata.org/entity/Q11877985,Laurentius Scipio,мужской пол,1611-11-11T00:00:00Z,1691-09-26T00:00:00Z,80,Польша,Чехия,
http://www.wikidata.org/entity/Q10301397,Ilê Axé Opó Afonjá,http://www.wikidata.org/entity/Q10278170,Eugênia Anna Santos,женский пол,1869-07-13T00:00:00Z,1938-01-03T00:00:00Z,69,Бразилия,Бразилия,
http://www.wikidata.org/entity/Q3361046,Palace of Infantado,http://www.wikidata.org/entity/Q8078611,"Иньиго Лопес де Мендоса-и-де-ла-Вега, 2-й герцог Инфантадо",мужской пол,1438-01-01T00:00:00Z,1500-07-14T00:00:00Z,62,Испания,Королевство Кастилия и Леон,
http://www.wikidata.org/entity/Q52819161,Scuola Materna di Lierna,http://www.wikidata.org/entity/Q66363947,Aldo Natoli,мужской пол,1906-01-01T00:00:00Z,1971-01-01T00:00:00Z,65,Италия,Италия,
http://www.wikidata.org/entity/Q66315993,Terreiro Aganjú Didê (Ici Mimó),http://www.wikidata.org/entity/Q97013324,Judith Ferreira do Sacramento,женский пол,1800-01-01T00:00:00Z,1940-01-01T00:00:00Z,140,Бенин,Бразилия,
http://www.wikidata.org/entity/Q20513868,Avag Petrossian's Monument,http://www.wikidata.org/entity/Q15831774,Левон Галумян,мужской пол,1940-06-25T00:00:00Z,2017-08-28T00:00:00Z,77,Армения,США,Национальный политехнический университет Армении
http://www.wikidata.org/entity/Q66315993,Terreiro Aganjú Didê (Ici Mimó),http://www.wikidata.org/entity/Q97013324,Judith Ferreira do Sacramento,женский пол,1800-01-01T00:00:00Z,1940-01-01T00:00:00Z,140,Буркина-Фасо,Бразилия,
http://www.wikidata.org/entity/Q66315993,Terreiro Aganjú Didê (Ici Mimó),http://www.wikidata.org/entity/Q97013324,Judith Ferreira do Sacramento,женский пол,1800-01-01T00:00:00Z,1940-01-01T00:00:00Z,140,Гамбия,Бразилия,
http://www.wikidata.org/entity/Q66315993,Terreiro Aganjú Didê (Ici Mimó),http://www.wikidata.org/entity/Q97013324,Judith Ferreira do Sacramento,женский пол,1800-01-01T00:00:00Z,1940-01-01T00:00:00Z,140,Гвинея,Бразилия,
http://www.wikidata.org/entity/Q2897727,Assassins' Gate,http://www.wikidata.org/entity/Q1316,Саддам Хусейн,мужской пол,1937-04-28T00:00:00Z,2006-12-30T00:00:00Z,69,Ирак,Ирак,Каирский университет
http://www.wikidata.org/entity/Q66315993,Terreiro Aganjú Didê (Ici Mimó),http://www.wikidata.org/entity/Q97013324,Judith Ferreira do Sacramento,женский пол,1800-01-01T00:00:00Z,1940-01-01T00:00:00Z,140,Гвинея-Бисау,Бразилия,
http://www.wikidata.org/entity/Q66315993,Terreiro Aganjú Didê (Ici Mimó),http://www.wikidata.org/entity/Q97013324,Judith Ferreira do Sacramento,женский пол,1800-01-01T00:00:00Z,1940-01-01T00:00:00Z,140,Кот-д’Ивуар,Бразилия,
http://www.wikidata.org/entity/Q50024555,Мемориальный комплекс Хатынь,http://www.wikidata.org/entity/Q28598655,Валентин Павлович Занкович,мужской пол,1937-06-05T00:00:00Z,2025-12-23T00:00:00Z,88,Беларусь,Беларусь,Белорусский национальный технический университет
http://www.wikidata.org/entity/Q66315993,Terreiro Aganjú Didê (Ici Mimó),http://www.wikidata.org/entity/Q97013324,Judith Ferreira do Sacramento,женский пол,1800-01-01T00:00:00Z,1940-01-01T00:00:00Z,140,Кабо-Верде,Бразилия,
http://www.wikidata.org/entity/Q5470092,Former Indian National Army Monument,http://www.wikidata.org/entity/Q2153,Субхас Чандра Бос,мужской пол,1897-01-23T00:00:00Z,1945-08-18T00:00:00Z,48,Индия,Тайвань,Калькуттский университет
http://www.wikidata.org/entity/Q11352381,Q11352381,http://www.wikidata.org/entity/Q11510262,Nichira,мужской пол,,0583-01-01T00:00:00Z,,,Япония,
http://www.wikidata.org/entity/Q66315993,Terreiro Aganjú Didê (Ici Mimó),http://www.wikidata.org/entity/Q97013324,Judith Ferreira do Sacramento,женский пол,1800-01-01T00:00:00Z,1940-01-01T00:00:00Z,140,"Острова Святой Елены, Вознесения и Тристан-да-Кунья",Бразилия,
http://www.wikidata.org/entity/Q66315993,Terreiro Aganjú Didê (Ici Mimó),http://www.wikidata.org/entity/Q97013324,Judith Ferreira do Sacramento,женский пол,1800-01-01T00:00:00Z,1940-01-01T00:00:00Z,140,Либерия,Бразилия,
http://www.wikidata.org/entity/Q66315993,Terreiro Aganjú Didê (Ici Mimó),http://www.wikidata.org/entity/Q97013324,Judith Ferreira do Sacramento,женский пол,1800-01-01T00:00:00Z,1940-01-01T00:00:00Z,140,Мали,Бразилия,
http://www.wikidata.org/entity/Q112706393,Q112706393,http://www.wikidata.org/entity/Q11986923,Ludvig Holgersen Rosenkrantz,мужской пол,1628-04-18T00:00:00Z,1685-08-23T00:00:00Z,57,Дания,Норвегия,
http://www.wikidata.org/entity/Q66316032,Terreiro Rumpame Ayono Runtólogi,http://www.wikidata.org/entity/Q10320894,Gaiaku Luiza,женский пол,1909-08-25T00:00:00Z,2005-06-20T00:00:00Z,96,Бразилия,Бразилия,
http://www.wikidata.org/entity/Q66315993,Terreiro Aganjú Didê (Ici Mimó),http://www.wikidata.org/entity/Q97013324,Judith Ferreira do Sacramento,женский пол,1800-01-01T00:00:00Z,1940-01-01T00:00:00Z,140,Мавритания,Бразилия,
http://www.wikidata.org/entity/Q117745663,William deGarthe Art Gallery,http://www.wikidata.org/entity/Q8008338,William E. deGarthe,мужской пол,1907-01-01T00:00:00Z,1983-01-01T00:00:00Z,76,Финляндия,Канада,Гранд-Шомьер
http://www.wikidata.org/entity/Q770847,Мавзолей Августа,http://www.wikidata.org/entity/Q1405,Октавиан Август,мужской пол,-0062-09-21T00:00:00Z,0014-08-17T00:00:00Z,76,Италия,Италия,
http://www.wikidata.org/entity/Q5470092,Former Indian National Army Monument,http://www.wikidata.org/entity/Q2153,Субхас Чандра Бос,мужской пол,1897-01-23T00:00:00Z,1945-08-18T00:00:00Z,48,Индия,Тайвань,Университетская школа Рэйвеншо
http://www.wikidata.org/entity/Q747322,Мадюродам,http://www.wikidata.org/entity/Q28064075,Bep Boon-van der Starp,женский пол,1884-01-31T00:00:00Z,1959-10-09T00:00:00Z,75,Нидерланды,Нидерланды,
http://www.wikidata.org/entity/Q66315993,Terreiro Aganjú Didê (Ici Mimó),http://www.wikidata.org/entity/Q97013324,Judith Ferreira do Sacramento,женский пол,1800-01-01T00:00:00Z,1940-01-01T00:00:00Z,140,Нигер,Бразилия,
http://www.wikidata.org/entity/Q66315993,Terreiro Aganjú Didê (Ici Mimó),http://www.wikidata.org/entity/Q97013324,Judith Ferreira do Sacramento,женский пол,1800-01-01T00:00:00Z,1940-01-01T00:00:00Z,140,Нигерия,Бразилия,
http://www.wikidata.org/entity/Q66315993,Terreiro Aganjú Didê (Ici Mimó),http://www.wikidata.org/entity/Q97013324,Judith Ferreira do Sacramento,женский пол,1800-01-01T00:00:00Z,1940-01-01T00:00:00Z,140,Сан-Томе и Принсипи,Бразилия,
http://www.wikidata.org/entity/Q123147545,Lanificio Forti de L'Isola,http://www.wikidata.org/entity/Q47497491,Beniamino Forti,мужской пол,1829-01-01T00:00:00Z,1901-01-01T00:00:00Z,72,Италия,Италия,
http://www.wikidata.org/entity/Q66315993,Terreiro Aganjú Didê (Ici Mimó),http://www.wikidata.org/entity/Q97013324,Judith Ferreira do Sacramento,женский пол,1800-01-01T00:00:00Z,1940-01-01T00:00:00Z,140,Сенегал,Бразилия,
http://www.wikidata.org/entity/Q5470092,Former Indian National Army Monument,http://www.wikidata.org/entity/Q2153,Субхас Чандра Бос,мужской пол,1897-01-23T00:00:00Z,1945-08-18T00:00:00Z,48,Индия,Тайвань,Президентский университет
http://www.wikidata.org/entity/Q24934426,Национальный музей Республики Марий Эл имени Т. Евсеева,http://www.wikidata.org/entity/Q28822731,"Евсеев, Тимофей Евсеевич",мужской пол,1887-02-01T00:00:00Z,1937-11-11T00:00:00Z,50,Россия,Россия,
http://www.wikidata.org/entity/Q66315993,Terreiro Aganjú Didê (Ici Mimó),http://www.wikidata.org/entity/Q97013324,Judith Ferreira do Sacramento,женский пол,1800-01-01T00:00:00Z,1940-01-01T00:00:00Z,140,Сьерра-Леоне,Бразилия,
http://www.wikidata.org/entity/Q117745663,William deGarthe Art Gallery,http://www.wikidata.org/entity/Q8008338,William E. deGarthe,мужской пол,1907-01-01T00:00:00Z,1983-01-01T00:00:00Z,76,Финляндия,Канада,Университет Маунт-Элисон
http://www.wikidata.org/entity/Q135798546,Bishop Ward Normal and Collegiate Institute,http://www.wikidata.org/entity/Q59680829,Thomas Marcus Decatur Ward,мужской пол,1823-01-01T00:00:00Z,1894-06-11T00:00:00Z,71,,США,
http://www.wikidata.org/entity/Q165366,Дом Анны Франк,http://www.wikidata.org/entity/Q7336,Отто Франк,мужской пол,1889-05-12T00:00:00Z,1980-08-19T00:00:00Z,91,Германия,Швейцария,Гейдельбергский университет
http://www.wikidata.org/entity/Q38041345,Q38041345,http://www.wikidata.org/entity/Q11877985,Laurentius Scipio,мужской пол,1611-11-13T00:00:00Z,1691-07-17T00:00:00Z,80,Польша,Чехия,
http://www.wikidata.org/entity/Q5470092,Former Indian National Army Monument,http://www.wikidata.org/entity/Q2153,Субхас Чандра Бос,мужской пол,1897-01-23T00:00:00Z,1945-08-18T00:00:00Z,48,Индия,Тайвань,колледж Бангабаси-Морнинг
http://www.wikidata.org/entity/Q16366527,Памятник Александру Манташеву,http://www.wikidata.org/entity/Q15831774,Левон Галумян,мужской пол,1940-06-25T00:00:00Z,2017-08-28T00:00:00Z,77,Армения,США,Национальный политехнический университет Армении
http://www.wikidata.org/entity/Q5786018,Monastery of Corpus Christi las Carboneras,http://www.wikidata.org/entity/Q108180657,Beatriz Ramírez de Mendoza,женский пол,1556-01-01T00:00:00Z,1626-11-04T00:00:00Z,70,Испания,Испания,
http://www.wikidata.org/entity/Q5470092,Former Indian National Army Monument,http://www.wikidata.org/entity/Q2153,Субхас Чандра Бос,мужской пол,1897-01-23T00:00:00Z,1945-08-18T00:00:00Z,48,Индия,Тайвань,колледж Фицуильяма
http://www.wikidata.org/entity/Q10302600,Instituto Nacional de Educação de Surdos,http://www.wikidata.org/entity/Q23687315,Édouard Huet,мужской пол,1822-01-01T00:00:00Z,1882-01-10T00:00:00Z,60,Франция,Мексика,National Institute of Deaf Youth of Paris
http://www.wikidata.org/entity/Q5470092,Former Indian National Army Monument,http://www.wikidata.org/entity/Q2153,Субхас Чандра Бос,мужской пол,1897-01-23T00:00:00Z,1945-08-18T00:00:00Z,48,Индия,Тайвань,Шотландский церковный колледж
http://www.wikidata.org/entity/Q11888648,Porin Konepaja,http://www.wikidata.org/entity/Q55395720,Karl Johan Lönegren,мужской пол,1823-01-01T00:00:00Z,1895-01-01T00:00:00Z,72,Финляндия,Финляндия,
http://www.wikidata.org/entity/Q4515084,Четвёртый постамент,http://www.wikidata.org/entity/Q1460885,Королевское общество искусств,,,,,,,
http://www.wikidata.org/entity/Q6873175,Mireuksa,http://www.wikidata.org/entity/Q498007,Mu,мужской пол,0580-01-01T00:00:00Z,0641-01-01T00:00:00Z,61,,,
http://www.wikidata.org/entity/Q60999777,Church of Mount Carmel,http://www.wikidata.org/entity/Q186277,Кармелиты,,,,,,,
http://www.wikidata.org/entity/Q113074119,"Gedenktafel ""Wegmarke"" in Munich",http://www.wikidata.org/entity/Q1688746,Ariane Rüdiger,женский пол,1958-04-11T00:00:00Z,,,Германия,,
http://www.wikidata.org/entity/Q18220881,Igrexa de San Francisco de Betanzos,http://www.wikidata.org/entity/Q3297917,Fernán Pérez de Andrade,мужской пол,1326-01-01T00:00:00Z,1397-01-01T00:00:00Z,71,,,
http://www.wikidata.org/entity/Q21059135,Simhyangsa,http://www.wikidata.org/entity/Q485114,Вон Хё,мужской пол,0617-01-01T00:00:00Z,0686-01-01T00:00:00Z,69,Республика Корея,,
http://www.wikidata.org/entity/Q2480885,Taiyū-in Mausoleum,http://www.wikidata.org/entity/Q1142310,Tenkai,мужской пол,1536-01-01T00:00:00Z,1643-11-13T00:00:00Z,107,Япония,,
http://www.wikidata.org/entity/Q4082904,Белохолуницкий машстройзавод,http://www.wikidata.org/entity/Q2833707,Александр Иванович Глебов,мужской пол,1722-08-26T00:00:00Z,1790-06-02T00:00:00Z,68,,,
http://www.wikidata.org/entity/Q20508191,Alphabet park,http://www.wikidata.org/entity/Q4330790,Агван Овсепян,мужской пол,1953-01-07T00:00:00Z,,,Армения,,юридический факультет Ереванского государственного университета
http://www.wikidata.org/entity/Q4407094,Bailleul Road West Cemetery,http://www.wikidata.org/entity/Q3446069,Королевские шотландцы,,,,,,,
http://www.wikidata.org/entity/Q2042384,Masnieres British Cemetery,http://www.wikidata.org/entity/Q223165,3-я дивизия,,,,,,,
http://www.wikidata.org/entity/Q460889,Центр искусств королевы Софии,http://www.wikidata.org/entity/Q156548,София Греческая,женский пол,1938-11-02T00:00:00Z,,,Греция,,El Nasr Girls' College
http://www.wikidata.org/entity/Q3412514,Кубба аль-Баадийин,http://www.wikidata.org/entity/Q552458,Али ибн Юсуф,мужской пол,1083-01-01T00:00:00Z,1143-01-26T00:00:00Z,60,Марокко,,
http://www.wikidata.org/entity/Q1976030,Haute-Avesnes British Cemetery,http://www.wikidata.org/entity/Q2438997,51-я пехотная дивизия (Великобритания),,,,,,,
http://www.wikidata.org/entity/Q460889,Центр искусств королевы Софии,http://www.wikidata.org/entity/Q156548,София Греческая,женский пол,1938-11-02T00:00:00Z,,,Греция,,школа во дворце Залем
http://www.wikidata.org/entity/Q460889,Центр искусств королевы Софии,http://www.wikidata.org/entity/Q156548,София Греческая,женский пол,1938-11-02T00:00:00Z,,,Греция,,Афинский университет
http://www.wikidata.org/entity/Q2772238,"Guards Cemetery, Windy Corner",http://www.wikidata.org/entity/Q2471075,2-я пехотная дивизия,,,,,,,
http://www.wikidata.org/entity/Q135439025,Q135439025,http://www.wikidata.org/entity/Q2327995,Львувек-Слёнски,,,,,,,
http://www.wikidata.org/entity/Q11397463,Mausoleum of Maeda Toshinaga,http://www.wikidata.org/entity/Q587204,Тосицунэ Маэда,мужской пол,1594-01-16T00:00:00Z,1658-11-07T00:00:00Z,64,,,
http://www.wikidata.org/entity/Q1540402,Monastery of Santa María de Sandoval,http://www.wikidata.org/entity/Q621962,Понсе де Минерва,мужской пол,1110-01-01T00:00:00Z,1175-07-27T00:00:00Z,65,,,
http://www.wikidata.org/entity/Q4095933,Братская могила (с. Уколица),http://www.wikidata.org/entity/Q4294505,Министерство обороны СССР,,,,,,,
http://www.wikidata.org/entity/Q460889,Центр искусств королевы Софии,http://www.wikidata.org/entity/Q156548,София Греческая,женский пол,1938-11-02T00:00:00Z,,,Греция,,Мадридский автономный университет
http://www.wikidata.org/entity/Q460889,Центр искусств королевы Софии,http://www.wikidata.org/entity/Q156548,София Греческая,женский пол,1938-11-02T00:00:00Z,,,Греция,,колледж Фицуильяма
http://www.wikidata.org/entity/Q18191506,Beit Hakerem – Yefe Nof Memorial Garden,http://www.wikidata.org/entity/Q2974831,Муниципалитет Иерусалима,,,,,,,
http://www.wikidata.org/entity/Q2104852,Bancourt British Cemetery,http://www.wikidata.org/entity/Q4324015,Новозеландская дивизия,,,,,,,
http://www.wikidata.org/entity/Q1858097,Dainville British Cemetery,http://www.wikidata.org/entity/Q1259934,56th (London) Division,,,,,,,
http://www.wikidata.org/entity/Q1886350,Dragoon Camp Cemetery,http://www.wikidata.org/entity/Q752760,Королевские уэльские фузилёры,,,,,,,
http://www.wikidata.org/entity/Q19311184,Gure Aitaren Etxea,http://www.wikidata.org/entity/Q2554299,Правительство Страны Басков,,,,,,,
http://www.wikidata.org/entity/Q126888387,Altar of Saint Aloysius Gonzaga,http://www.wikidata.org/entity/Q3826638,House of Lancellotti,,,,,,,
http://www.wikidata.org/entity/Q61092789,Q61092789,http://www.wikidata.org/entity/Q1021411,Ratiboř,,,,,,,
http://www.wikidata.org/entity/Q6931339,Mud Corner Cemetery,http://www.wikidata.org/entity/Q4324015,Новозеландская дивизия,,,,,,,
http://www.wikidata.org/entity/Q4130010,Вышка-бабушка,http://www.wikidata.org/entity/Q4205576,Ишимбайнефть,,,,,,,
http://www.wikidata.org/entity/Q2147007,Ontario Cemetery,http://www.wikidata.org/entity/Q2665617,Канадский экспедиционный корпус,,,,,,,
http://www.wikidata.org/entity/Q1775781,Monastery of Santa María de Palazuelos,http://www.wikidata.org/entity/Q521492,Альфонсо Тельес де Менесес эль Вьехо,мужской пол,1161-01-01T00:00:00Z,1230-01-01T00:00:00Z,69,,,
http://www.wikidata.org/entity/Q2361084,"Sandpits British Cemetery, Fouquereuil",http://www.wikidata.org/entity/Q74166,XIII Corps,,,,,,,
http://www.wikidata.org/entity/Q6740387,"Jewish Patisans and Ghetto fighers memorial in Latrun, Israel",http://www.wikidata.org/entity/Q2578249,Кабинет министров Израиля,,,,,,,
http://www.wikidata.org/entity/Q111510522,Дом-музей академиков А. Е. и Б. А. Арбузовых,http://www.wikidata.org/entity/Q2370801,Академия наук СССР,,,,,,,
http://www.wikidata.org/entity/Q2512241,Rue-David Military Cemetery,http://www.wikidata.org/entity/Q3091157,Royal Scots Fusiliers,,,,,,,
http://www.wikidata.org/entity/Q3412514,Кубба аль-Баадийин,http://www.wikidata.org/entity/Q552458,Али ибн Юсуф,мужской пол,1084-01-01T00:00:00Z,1143-01-26T00:00:00Z,59,Марокко,,
http://www.wikidata.org/entity/Q2313018,Ribecourt Railway Cemetery,http://www.wikidata.org/entity/Q223165,3-я дивизия,,,,,,,
http://www.wikidata.org/entity/Q61729132,House of Prayer of the Carmelite Third Order,http://www.wikidata.org/entity/Q186277,Кармелиты,,,,,,,
http://www.wikidata.org/entity/Q3323353,Monument des Écossais,http://www.wikidata.org/entity/Q2809659,Q2809659,,,,,,,
http://www.wikidata.org/entity/Q131537867,Nobile monument,http://www.wikidata.org/entity/Q3963340,Итальянское географическое общество,,,,,,,
http://www.wikidata.org/entity/Q7477301,Bourlon Wood Cemetery,http://www.wikidata.org/entity/Q2665617,Канадский экспедиционный корпус,,,,,,,
http://www.wikidata.org/entity/Q695229,Храмы Чола,http://www.wikidata.org/entity/Q151148,Чола,,,,,,,
http://www.wikidata.org/entity/Q6581808,Be'eri Water Tower,http://www.wikidata.org/entity/Q2909365,Солель-Боне,,,,,,,
http://www.wikidata.org/entity/Q2801626,Bucquoy Communal Cemetery Extension,http://www.wikidata.org/entity/Q646534,63rd (Royal Naval) Division,,,,,,,
http://www.wikidata.org/entity/Q2347102,Mill Switch British Cemetery,http://www.wikidata.org/entity/Q2665617,Канадский экспедиционный корпус,,,,,,,
http://www.wikidata.org/entity/Q107006467,Cape Dutch Homesteads of the Winelands,http://www.wikidata.org/entity/Q200569,голландцы,,,,,,,
http://www.wikidata.org/entity/Q17043589,Часовня-усыпальница (Первомайск),http://www.wikidata.org/entity/Q3918266,Мацей Кавечинский,мужской пол,1520-05-29T00:00:00Z,1572-01-01T00:00:00Z,52,,,Галле-Виттенбергский университет
http://www.wikidata.org/entity/Q2312998,Loos British Cemetery,http://www.wikidata.org/entity/Q2665617,Канадский экспедиционный корпус,,,,,,,
http://www.wikidata.org/entity/Q7482578,"Quarry Cemetery, Marquion",http://www.wikidata.org/entity/Q2665617,Канадский экспедиционный корпус,,,,,,,
http://www.wikidata.org/entity/Q2295374,Haspres Coppice Cemetery,http://www.wikidata.org/entity/Q927379,49th (West Riding) Infantry Division,,,,,,,
http://www.wikidata.org/entity/Q19601983,Africké muzeum Dr. Emila Holuba,http://www.wikidata.org/entity/Q1624693,Голице,,,,,,,
http://www.wikidata.org/entity/Q22999517,Joseph Sec monument,http://www.wikidata.org/entity/Q3185627,Joseph Sec,мужской пол,1715-01-01T00:00:00Z,1794-01-01T00:00:00Z,79,,,
http://www.wikidata.org/entity/Q67000590,Igreja do Tirol,http://www.wikidata.org/entity/Q696656,Вербисты,,,,,,,
http://www.wikidata.org/entity/Q110606469,Santerno Valley War Cemetery,http://www.wikidata.org/entity/Q3599828,78th Infantry Division,,,,,,,
http://www.wikidata.org/entity/Q105671810,Q105671810,http://www.wikidata.org/entity/Q1232428,Университет Страны Басков,,,,,,,
http://www.wikidata.org/entity/Q5909931,Q5909931,http://www.wikidata.org/entity/Q165005,Францисканцы,,,,,,,
http://www.wikidata.org/entity/Q60536250,Bab El Bhar (Tangier),http://www.wikidata.org/entity/Q200464,колонии Португалии,,,,,,,
http://www.wikidata.org/entity/Q6677680,Izkor,http://www.wikidata.org/entity/Q1862884,Министерство обороны Израиля,,,,,,,
http://www.wikidata.org/entity/Q2254329,Maroeuil British Cemetery,http://www.wikidata.org/entity/Q2438997,51-я пехотная дивизия (Великобритания),,,,,,,
http://www.wikidata.org/entity/Q10856360,Taitoku-in Mausoleum,http://www.wikidata.org/entity/Q1042428,Тосикацу Дои,мужской пол,1573-04-29T00:00:00Z,1644-08-12T00:00:00Z,71,,,
http://www.wikidata.org/entity/Q2906552,Bois-Carre British Cemetery,http://www.wikidata.org/entity/Q2593078,1-я Канадская пехотная дивизия,,,,,,,
http://www.wikidata.org/entity/Q127311650,"Church of Saint Nicholas, the coronation and burial church of the Bosnian kings",http://www.wikidata.org/entity/Q965795,Степан Котроманич,мужской пол,1292-01-01T00:00:00Z,1353-01-01T00:00:00Z,61,,,
http://www.wikidata.org/entity/Q2676011,Dury Crucifix Cemetery,http://www.wikidata.org/entity/Q2665617,Канадский экспедиционный корпус,,,,,,,
http://www.wikidata.org/entity/Q2419925,Oosttaverne Wood Cemetery,http://www.wikidata.org/entity/Q2281542,9-й армейский корпус,,,,,,,
http://www.wikidata.org/entity/Q112685833,Dancurás Heroes Cemetery in Lacu Roșu,http://www.wikidata.org/entity/Q682645,Вооружённые силы Австро-Венгрии,,,,,,,
http://www.wikidata.org/entity/Q113027889,Q113027889,http://www.wikidata.org/entity/Q1021214,Винцент Тышкевич,мужской пол,1757-01-01T00:00:00Z,1816-03-12T00:00:00Z,59,Литва,,
http://www.wikidata.org/entity/Q16578043,"Iglesia del Corazón de María, Valparaíso",http://www.wikidata.org/entity/Q1095569,Кларетинцы,,,,,,,
http://www.wikidata.org/entity/Q55235272,Q55235272,http://www.wikidata.org/entity/Q4356678,Rosenlew,,,,,,,
http://www.wikidata.org/entity/Q2051992,La Belle Alliance Cemetery,http://www.wikidata.org/entity/Q2997813,King's Royal Rifle Corps,,,,,,,
http://www.wikidata.org/entity/Q819565,Монумент Бергера,http://www.wikidata.org/entity/Q2461430,Turngemeinde Witten von 1848,,,,,,,
http://www.wikidata.org/entity/Q2678639,Dominion Cemetery,http://www.wikidata.org/entity/Q2665617,Канадский экспедиционный корпус,,,,,,,
http://www.wikidata.org/entity/Q2257067,St. Olle British Cemetery,http://www.wikidata.org/entity/Q2665617,Канадский экспедиционный корпус,,,,,,,
http://www.wikidata.org/entity/Q18220881,Igrexa de San Francisco de Betanzos,http://www.wikidata.org/entity/Q3297917,Fernán Pérez de Andrade,мужской пол,1330-01-01T00:00:00Z,1397-01-01T00:00:00Z,67,,,
http://www.wikidata.org/entity/Q15877754,Ledeghem Military Cemetery,http://www.wikidata.org/entity/Q221553,29th Division,,,,,,,
http://www.wikidata.org/entity/Q65028716,Q65028716,http://www.wikidata.org/entity/Q2554299,Правительство Страны Басков,,,,,,,
http://www.wikidata.org/entity/Q66315439,Capela do bom Jesus da Glória,http://www.wikidata.org/entity/Q913972,Орден меньших братьев,,,,,,,
http://www.wikidata.org/entity/Q97315490,Братская могила советских воинов,http://www.wikidata.org/entity/Q4294505,Министерство обороны СССР,,,,,,,
http://www.wikidata.org/entity/Q55727392,Goseong Hwaamsa Temple,http://www.wikidata.org/entity/Q4215992,Jinpyo,мужской пол,,,,,,
http://www.wikidata.org/entity/Q11544148,Hashino iron mining and smelting site,http://www.wikidata.org/entity/Q3594050,Такато Оосима,мужской пол,1826-06-16T00:00:00Z,1901-03-29T00:00:00Z,75,Япония,,
http://www.wikidata.org/entity/Q136089208,Selbstschutz memorial,http://www.wikidata.org/entity/Q249390,Federation of German Minority Youth,,,,,,,
http://www.wikidata.org/entity/Q64592019,Q64592019,http://www.wikidata.org/entity/Q682645,Вооружённые силы Австро-Венгрии,,,,,,,
http://www.wikidata.org/entity/Q4925554,Blauwepoort Farm Cemetery,http://www.wikidata.org/entity/Q1068095,Альпийские шассёры,,,,,,,
http://www.wikidata.org/entity/Q5171608,Roclincourt Military Cemetery,http://www.wikidata.org/entity/Q2438997,51-я пехотная дивизия (Великобритания),,,,,,,
http://www.wikidata.org/entity/Q1878989,Le Quesnoy Communal Cemetery Extension,http://www.wikidata.org/entity/Q4324015,Новозеландская дивизия,,,,,,,
http://www.wikidata.org/entity/Q65032247,Bosque de Luz,http://www.wikidata.org/entity/Q3036440,Álava Foral Council,,,,,,,
http://www.wikidata.org/entity/Q116484,Imagine Peace Tower,http://www.wikidata.org/entity/Q117012,Йоко Оно,женский пол,1933-02-18T00:00:00Z,,,Япония,,Университет Гакусюин
http://www.wikidata.org/entity/Q47294519,Sequehart British Cemetery No.1,http://www.wikidata.org/entity/Q3329335,Sherwood Foresters,,,,,,,
http://www.wikidata.org/entity/Q1989990,"Rue-du-Bacquerot (13th London) Graveyard, Laventie",http://www.wikidata.org/entity/Q2171148,Royal Ulster Rifles,,,,,,,
http://www.wikidata.org/entity/Q24933232,Walk of Fame of Italian sport,http://www.wikidata.org/entity/Q1114833,Национальный олимпийский комитет Италии,,,,,,,
http://www.wikidata.org/entity/Q2439525,Voormezeele Enclosure N° 3,http://www.wikidata.org/entity/Q3061319,Канадский полк лёгкой пехоты принцессы Патриции,,,,,,,
http://www.wikidata.org/entity/Q1202019,Храм Литературы,http://www.wikidata.org/entity/Q68398,Ли Тхань-тонг,мужской пол,1023-04-05T00:00:00Z,1072-02-07T00:00:00Z,49,,,
http://www.wikidata.org/entity/Q2223848,Lagnicourt Hedge Cemetery,http://www.wikidata.org/entity/Q3489806,Somerset Light Infantry,,,,,,,
http://www.wikidata.org/entity/Q2910625,Ramat HaNadiv,http://www.wikidata.org/entity/Q159386,Ротшильды,,,,,,,
http://www.wikidata.org/entity/Q1810448,Landrecies British Cemetery,http://www.wikidata.org/entity/Q4632247,25th Division,,,,,,,
http://www.wikidata.org/entity/Q117457185,Fernández López Building of the Pontevedra Museum,http://www.wikidata.org/entity/Q5480660,Diputación Provincial de Pontevedra,,,,,,,
http://www.wikidata.org/entity/Q2767343,Welsh Cemetery (Caesar's Nose),http://www.wikidata.org/entity/Q16057562,38th (Welsh) Infantry Division,,,,,,,
http://www.wikidata.org/entity/Q96031386,Q96031386,http://www.wikidata.org/entity/Q65963372,Karel Picmaus,мужской пол,1943-09-09T00:00:00Z,,,Чехия,,
http://www.wikidata.org/entity/Q113074119,"Gedenktafel ""Wegmarke"" in Munich",http://www.wikidata.org/entity/Q100743737,Forum Queeres Archiv München e. V.– LGBTIQ* in History and Culture,,,,,,,
http://www.wikidata.org/entity/Q11906389,Arco da Vila,http://www.wikidata.org/entity/Q61000556,Francisco Gomes do Avelar,мужской пол,1739-01-01T00:00:00Z,1816-12-15T00:00:00Z,77,Португалия,,
http://www.wikidata.org/entity/Q2304506,Proville British Cemetery,http://www.wikidata.org/entity/Q4641785,61st (2nd South Midland) Division,,,,,,,
http://www.wikidata.org/entity/Q18697155,"Valley Cemetery, Vis-en-Artois",http://www.wikidata.org/entity/Q4636668,"3rd Battalion (Toronto Regiment), CEF",,,,,,,
http://www.wikidata.org/entity/Q7289508,Ramgarhia bunga,http://www.wikidata.org/entity/Q6164141,Джасса Сингх Рамгархия,мужской пол,1723-01-01T00:00:00Z,1803-01-01T00:00:00Z,80,,,
http://www.wikidata.org/entity/Q5769420,Amin al-Din Balyani Mausoleum,http://www.wikidata.org/entity/Q5937301,Amin al-Din Balyani,мужской пол,1269-01-01T00:00:00Z,1345-03-24T00:00:00Z,76,Иран,,
http://www.wikidata.org/entity/Q2609598,Quietiste Military Cemetery,http://www.wikidata.org/entity/Q4639913,50th (Northumbrian) Division,,,,,,,
http://www.wikidata.org/entity/Q2610148,Lebucquiere Communal Cemetery Extension,http://www.wikidata.org/entity/Q4596302,1-я дивизия (Австралия),,,,,,,
http://www.wikidata.org/entity/Q22978863,Pictou Academy,http://www.wikidata.org/entity/Q16857980,Thomas McCulloch,мужской пол,1776-01-01T00:00:00Z,1843-09-09T00:00:00Z,67,Великобритания,,Университет Глазго
http://www.wikidata.org/entity/Q11888648,Porin Konepaja,http://www.wikidata.org/entity/Q65230522,Carl Anton Björnberg,мужской пол,1821-01-01T00:00:00Z,,,,,
http://www.wikidata.org/entity/Q5769420,Amin al-Din Balyani Mausoleum,http://www.wikidata.org/entity/Q5937301,Amin al-Din Balyani,мужской пол,1269-01-01T00:00:00Z,1344-03-24T00:00:00Z,75,Иран,,
http://www.wikidata.org/entity/Q126978483,No Mafia Memorial,http://www.wikidata.org/entity/Q63184743,Anna Puglisi,женский пол,1939-01-01T00:00:00Z,,,Италия,,
http://www.wikidata.org/entity/Q4143002,Гомомонумент (Гаага),http://www.wikidata.org/entity/Q101200470,Foundation International Homomonument The Hague,,,,,,,
http://www.wikidata.org/entity/Q70869040,Kut War Cemetery,http://www.wikidata.org/entity/Q4642566,6th (Poona) Division,,,,,,,
http://www.wikidata.org/entity/Q1060966,Sennyū-ji Temple,http://www.wikidata.org/entity/Q11385613,Shunjō,мужской пол,1166-09-13T00:00:00Z,1227-05-02T00:00:00Z,61,Япония,,
http://www.wikidata.org/entity/Q50024555,Мемориальный комплекс Хатынь,http://www.wikidata.org/entity/Q28599602,Юрий Михайлович Градов,мужской пол,1934-06-29T00:00:00Z,,,Россия,,Московский архитектурный институт
http://www.wikidata.org/entity/Q9046913,Pontevedra Museum,http://www.wikidata.org/entity/Q5480660,Diputación Provincial de Pontevedra,,,,,,,
http://www.wikidata.org/entity/Q7178120,Peters Cartridge Company,http://www.wikidata.org/entity/Q105451595,Gershom Moore Peters,мужской пол,1843-01-01T00:00:00Z,1919-01-01T00:00:00Z,76,США,,Университет Денисона
http://www.wikidata.org/entity/Q11580603,Shirotoridate,http://www.wikidata.org/entity/Q60986708,Abe no Noritō,мужской пол,,,,,,
http://www.wikidata.org/entity/Q20053178,Paris n'América Store,http://www.wikidata.org/entity/Q116732129,Francisco Pereira de Castro,мужской пол,,,,,,
http://www.wikidata.org/entity/Q6455290,Kōshin-an,http://www.wikidata.org/entity/Q6446083,Kurita Chodō,мужской пол,1749-08-21T00:00:00Z,1814-08-21T00:00:00Z,65,Япония,,
http://www.wikidata.org/entity/Q105710860,Часовня-усыпальница Прушинских,http://www.wikidata.org/entity/Q106144637,Иосиф Прушинский,мужской пол,http://www.wikidata.org/.well-known/genid/3e79501a4bd3071ad32845ca04023a7c,1790-11-04T00:00:00Z,,,,
http://www.wikidata.org/entity/Q2194018,Cantaing British Cemetery,http://www.wikidata.org/entity/Q4640242,52nd (Lowland) Infantry Division,,,,,,,
http://www.wikidata.org/entity/Q649463,Yuzuki Castle,http://www.wikidata.org/entity/Q24865972,Митимори Коно,мужской пол,,,,,,
http://www.wikidata.org/entity/Q3547759,Ueno Daibutsu,http://www.wikidata.org/entity/Q11427694,Hori Naoyori,мужской пол,1577-01-01T00:00:00Z,1639-07-29T00:00:00Z,62,,,
http://www.wikidata.org/entity/Q847290,Shizutani School,http://www.wikidata.org/entity/Q11556313,Нагатада Цуда,мужской пол,1640-01-01T00:00:00Z,1707-03-08T00:00:00Z,67,Япония,,
http://www.wikidata.org/entity/Q8513893,Englefontaine British Cemetery,http://www.wikidata.org/entity/Q16057562,38th (Welsh) Infantry Division,,,,,,,
http://www.wikidata.org/entity/Q11363889,Chūson-ji Konjikidō,http://www.wikidata.org/entity/Q5360232,Fujiwara no Kiyohira,мужской пол,1056-01-01T00:00:00Z,1128-08-17T00:00:00Z,72,,,
http://www.wikidata.org/entity/Q61092789,Q61092789,http://www.wikidata.org/entity/Q11994733,Q11994733,,,,,,,
http://www.wikidata.org/entity/Q2968274,Замок Итидзёдани,http://www.wikidata.org/entity/Q13448927,Асакура Такакагэ,мужской пол,1428-06-11T00:00:00Z,1481-08-30T00:00:00Z,53,,,
http://www.wikidata.org/entity/Q2363527,Bois-des-Angles British Cemetery,http://www.wikidata.org/entity/Q4631096,21st Division,,,,,,,
http://www.wikidata.org/entity/Q18191506,Beit Hakerem – Yefe Nof Memorial Garden,http://www.wikidata.org/entity/Q7002130,Yad Labanim,,,,,,,
http://www.wikidata.org/entity/Q108114851,Castelao Building of the Pontevedra Museum,http://www.wikidata.org/entity/Q5480660,Diputación Provincial de Pontevedra,,,,,,,
http://www.wikidata.org/entity/Q2063430,Quarry Wood Cemetery,http://www.wikidata.org/entity/Q17507388,"102nd Battalion, CEF",,,,,,,
http://www.wikidata.org/entity/Q16366527,Памятник Александру Манташеву,http://www.wikidata.org/entity/Q15831781,Tigran Arzumanyan,мужской пол,1945-01-27T00:00:00Z,,,Армения,,Ереванский государственный художественно-театральный институт
http://www.wikidata.org/entity/Q6057986,Palacio de Fabio Nelli,http://www.wikidata.org/entity/Q5854192,Fabio Nelli,мужской пол,1533-01-01T00:00:00Z,1699-01-01T00:00:00Z,166,Испания,,
http://www.wikidata.org/entity/Q11580783,Kudara-ji,http://www.wikidata.org/entity/Q11580791,Kudara no Konikishi Kyōfuku,мужской пол,0697-01-01T00:00:00Z,0766-08-12T00:00:00Z,69,,,
http://www.wikidata.org/entity/Q22119078,Shinbaru-Nuyama Kofun Group,http://www.wikidata.org/entity/Q16481907,Munakata clan,,,,,,,
http://www.wikidata.org/entity/Q11685778,"Chapel-burial-vault of Skirmunt family, Moladava",http://www.wikidata.org/entity/Q107380364,Генрик Скирмунт,мужской пол,1835-01-01T00:00:00Z,1916-01-01T00:00:00Z,81,,,
http://www.wikidata.org/entity/Q1716627,Mit Freud in Berlin,http://www.wikidata.org/entity/Q95202987,Regine Lockot,женский пол,1946-01-01T00:00:00Z,,,,,
http://www.wikidata.org/entity/Q3423358,Wellington Cemetery,http://www.wikidata.org/entity/Q5313130,Duke of Wellington's Regiment,,,,,,,
http://www.wikidata.org/entity/Q8513958,Fifteen Ravine British Cemetery,http://www.wikidata.org/entity/Q7980559,Welch Regiment,,,,,,,
http://www.wikidata.org/entity/Q97456291,Q97456291,http://www.wikidata.org/entity/Q16130482,Orna Shimoni,женский пол,1941-03-31T00:00:00Z,,,Израиль,,
http://www.wikidata.org/entity/Q66316027,Terreiro Ogodô Dey,http://www.wikidata.org/entity/Q86241316,Justiniano de Souza de Jesus,мужской пол,1913-01-01T00:00:00Z,1989-01-01T00:00:00Z,76,,,
http://www.wikidata.org/entity/Q24276211,Santa María de Carrizo,http://www.wikidata.org/entity/Q5849237,Estefanía Ramírez,женский пол,1101-01-01T00:00:00Z,1183-01-01T00:00:00Z,82,,,
http://www.wikidata.org/entity/Q130705083,Makom BaLev,http://www.wikidata.org/entity/Q118593714,Ashdod Archive,,,,,,,
http://www.wikidata.org/entity/Q22662457,Beaurevoir British Cemetery,http://www.wikidata.org/entity/Q4642200,66th Division,,,,,,,
http://www.wikidata.org/entity/Q130705083,Makom BaLev,http://www.wikidata.org/entity/Q119893080,Municipality of Ashdod,,,,,,,
http://www.wikidata.org/entity/Q20042067,Nirayama Reverberatory Furnaces,http://www.wikidata.org/entity/Q11550912,Хидэтоси Эгава,мужской пол,1839-01-01T00:00:00Z,1863-02-04T00:00:00Z,24,,,
http://www.wikidata.org/entity/Q2566075,Meath Cemetery,http://www.wikidata.org/entity/Q4635252,33rd Division,,,,,,,
http://www.wikidata.org/entity/Q116484,Imagine Peace Tower,http://www.wikidata.org/entity/Q1764,Рейкьявик,,,,,,,
http://www.wikidata.org/entity/Q2515996,Packhorse Farm Shrine Cemetery,http://www.wikidata.org/entity/Q4638341,46th (North Midland) Division,,,,,,,
http://www.wikidata.org/entity/Q2970766,Tateyama Castle,http://www.wikidata.org/entity/Q11644669,Satomi Yoshiyori,мужской пол,1543-01-01T00:00:00Z,1587-11-26T00:00:00Z,44,,,
http://www.wikidata.org/entity/Q2079043,Sains-les-Marquion British Cemetery,http://www.wikidata.org/entity/Q4636707,3rd Canadian Infantry Brigade,,,,,,,
http://www.wikidata.org/entity/Q11482263,Awaji Kannon,http://www.wikidata.org/entity/Q89222488,Toyokichi Okuuchi,мужской пол,,1988-01-01T00:00:00Z,,,,
http://www.wikidata.org/entity/Q11647322,Kin-gū Shrine,http://www.wikidata.org/entity/Q20042042,Nisshū,мужской пол,1503-01-01T00:00:00Z,1577-11-14T00:00:00Z,74,Япония,,
http://www.wikidata.org/entity/Q11439077,Ōtani Byōdō,http://www.wikidata.org/entity/Q6604921,Kakushin-ni,женский пол,1224-01-01T00:00:00Z,1283-12-21T00:00:00Z,59,Япония,,
http://www.wikidata.org/entity/Q542324,Дайбуцу Усику,http://www.wikidata.org/entity/Q6604752,Косё Оотани,мужской пол,1925-03-09T00:00:00Z,1999-12-24T00:00:00Z,74,,,Киотский университет
http://www.wikidata.org/entity/Q5337988,Villers Hill British Cemetery,http://www.wikidata.org/entity/Q4635252,33rd Division,,,,,,,
http://www.wikidata.org/entity/Q901533,Tenement Museum,http://www.wikidata.org/entity/Q61792231,Ruth J. Abram,женский пол,,,,,,
http://www.wikidata.org/entity/Q16092836,Donggosa,http://www.wikidata.org/entity/Q5299260,Doseon,мужской пол,0827-01-01T00:00:00Z,0898-01-01T00:00:00Z,71,,,
http://www.wikidata.org/entity/Q2645741,Nine Elms Military Cemetery,http://www.wikidata.org/entity/Q60790165,"14th Battalion (Royal Montreal Regiment), CEF",,,,,,,
http://www.wikidata.org/entity/Q43172581,Alameda del Parral,http://www.wikidata.org/entity/Q5714939,Segovia City Council,,,,,,,
http://www.wikidata.org/entity/Q114836809,"Schandpaal, Mespelare",http://www.wikidata.org/entity/Q20973345,Goubau family,,,,,,,
http://www.wikidata.org/entity/Q20513868,Avag Petrossian's Monument,http://www.wikidata.org/entity/Q15831781,Tigran Arzumanyan,мужской пол,1945-01-27T00:00:00Z,,,Армения,,Ереванский государственный художественно-театральный институт
http://www.wikidata.org/entity/Q8247546,Paraná Public Library,http://www.wikidata.org/entity/Q10308847,José Antônio Vaz de Carvalhais,мужской пол,1823-12-22T00:00:00Z,1888-10-30T00:00:00Z,65,Бразилия,,
http://www.wikidata.org/entity/Q87736966,Pomnik Chłopaka i Dziewczyny,http://www.wikidata.org/entity/Q9156629,Antoni Dudek,мужской пол,1949-09-05T00:00:00Z,,,Польша,,
http://www.wikidata.org/entity/Q2805174,Bailleul Road East Cemetery,http://www.wikidata.org/entity/Q4635405,34th Division,,,,,,,
http://www.wikidata.org/entity/Q10343731,Palace of the Eleven Windows,http://www.wikidata.org/entity/Q20085212,sugar works master,,,,,,,
http://www.wikidata.org/entity/Q12043649,Terezín Memorial,http://www.wikidata.org/entity/Q7188,правительство,,,,,,,
http://www.wikidata.org/entity/Q126978483,No Mafia Memorial,http://www.wikidata.org/entity/Q116208468,Umberto Santino,мужской пол,1939-01-13T00:00:00Z,,,Италия,,
http://www.wikidata.org/entity/Q19900640,Часовня-усыпальница Ожешко,http://www.wikidata.org/entity/Q109353133,Каликст Пётр Ожешко,мужской пол,1822-01-01T00:00:00Z,1891-01-01T00:00:00Z,69,,,
http://www.wikidata.org/entity/Q17335342,Eva van Hogeveen hofje,http://www.wikidata.org/entity/Q91764299,Eva van Hoogeveen,женский пол,1633-01-01T00:00:00Z,1652-01-01T00:00:00Z,19,Нидерланды,,
http://www.wikidata.org/entity/Q3279443,São Francisco Church and Convent,http://www.wikidata.org/entity/Q63336576,Vicente das Chagas,мужской пол,,,,,,
http://www.wikidata.org/entity/Q22329853,Beaurevoir Communal Cemetery British Extension,http://www.wikidata.org/entity/Q4632247,25th Division,,,,,,,
http://www.wikidata.org/entity/Q18815841,Suncheon Hyanglimsa Temple,http://www.wikidata.org/entity/Q5299260,Doseon,мужской пол,0827-01-01T00:00:00Z,0898-01-01T00:00:00Z,71,,,
http://www.wikidata.org/entity/Q1540402,Monastery of Santa María de Sandoval,http://www.wikidata.org/entity/Q5849237,Estefanía Ramírez,женский пол,1101-01-01T00:00:00Z,1183-01-01T00:00:00Z,82,,,
http://www.wikidata.org/entity/Q12393769,Museo Provincial de Lugo,http://www.wikidata.org/entity/Q8768515,Deputación Provincial de Lugo,,,,,,,
http://www.wikidata.org/entity/Q10372633,Ilê Axé Asipá,http://www.wikidata.org/entity/Q10265171,Deo  Maximiliano dos Santos,мужской пол,1917-12-02T00:00:00Z,2013-10-06T00:00:00Z,96,Бразилия,,
http://www.wikidata.org/entity/Q5171608,Roclincourt Military Cemetery,http://www.wikidata.org/entity/Q4635405,34th Division,,,,,,,
http://www.wikidata.org/entity/Q5786052,Church of former Augustinian monastery,http://www.wikidata.org/entity/Q6142550,Teresa Enríquez de Alvarado,женский пол,1450-01-01T00:00:00Z,1529-03-04T00:00:00Z,79,Испания,,
http://www.wikidata.org/entity/Q11402166,Hōjō Residence Site (Enjō-ji Site),http://www.wikidata.org/entity/Q11630342,Kakukai Enjō,женский пол,http://www.wikidata.org/.well-known/genid/41ed468db2ae206e43e67e3100046073,1345-09-17T00:00:00Z,,,,
http://www.wikidata.org/entity/Q7178120,Peters Cartridge Company,http://www.wikidata.org/entity/Q105451595,Gershom Moore Peters,мужской пол,1843-01-01T00:00:00Z,1919-01-01T00:00:00Z,76,США,,Rochester Theological Seminary
http://www.wikidata.org/entity/Q28335255,The National Memorial to Peace and Justice,http://www.wikidata.org/entity/Q19867897,Equal Justice Initiative,,,,,,,
http://www.wikidata.org/entity/Q2934223,Highland Cemetery,http://www.wikidata.org/entity/Q4639913,50th (Northumbrian) Division,,,,,,,
http://www.wikidata.org/entity/Q389366,Morokulien,http://www.wikidata.org/entity/Q7654807,Swedish Peace and Arbitration Society,,,,,,,
http://www.wikidata.org/entity/Q5785590,"Convent of the Franciscanos, Zarautz",http://www.wikidata.org/entity/Q19666594,Juan de Mancicidor,мужской пол,1547-01-01T00:00:00Z,1618-01-01T00:00:00Z,71,Испания,,
http://www.wikidata.org/entity/Q2789546,Shrine Cemetery,http://www.wikidata.org/entity/Q4638341,46th (North Midland) Division,,,,,,,
http://www.wikidata.org/entity/Q24912937,Taiwan Blackfoot Disease Socio-Medical Service Memorial House,http://www.wikidata.org/entity/Q9316504,Wang King-ho,мужской пол,1916-04-23T00:00:00Z,2014-03-13T00:00:00Z,98,Японская империя,,Токийский университет
http://www.wikidata.org/entity/Q1661582,Мавзолей Ходжа Дониер (пророк Даниил),http://www.wikidata.org/entity/Q8462,Тамерлан,мужской пол,1336-04-17T00:00:00Z,1405-02-27T00:00:00Z,69,Узбекистан,Казахстан,
http://www.wikidata.org/entity/Q917896,Замок Бельмонте,http://www.wikidata.org/entity/Q733642,Хуан Пачеко,мужской пол,1419-01-01T00:00:00Z,1474-10-01T00:00:00Z,55,Испания,Испания,
http://www.wikidata.org/entity/Q206258,Citadel of Pamplona,http://www.wikidata.org/entity/Q34417,Филипп II,мужской пол,1527-05-31T00:00:00Z,1598-09-13T00:00:00Z,71,Испания,Испания,
http://www.wikidata.org/entity/Q5776980,Colegio Mayor Santa Cruz,http://www.wikidata.org/entity/Q786748,Педро Гонсалес де Мендоса,мужской пол,1428-05-12T00:00:00Z,1495-01-20T00:00:00Z,67,Испания,Испания,Университет Саламанки
http://www.wikidata.org/entity/Q6058284,Royal Chancellery of Granada Palace,http://www.wikidata.org/entity/Q32500,Карл V,мужской пол,1500-03-05T00:00:00Z,1558-10-01T00:00:00Z,58,Бельгия,Испания,
http://www.wikidata.org/entity/Q4146506,Гостиный двор,http://www.wikidata.org/entity/Q934916,Матвей Петрович Гагарин,мужской пол,1659-01-01T00:00:00Z,1721-03-21T00:00:00Z,62,,Россия,
http://www.wikidata.org/entity/Q33506576,Warsaw Gate in Opatów,http://www.wikidata.org/entity/Q728694,Кшиштоф Шидловецкий,мужской пол,1466-11-24T00:00:00Z,1532-12-30T00:00:00Z,66,Польша,Польша,
http://www.wikidata.org/entity/Q4273752,Мавзолей Арыстан-Баба,http://www.wikidata.org/entity/Q8462,Тамерлан,мужской пол,1336-04-16T00:00:00Z,1405-02-28T00:00:00Z,69,Узбекистан,Казахстан,
http://www.wikidata.org/entity/Q5909863,Q5909863,http://www.wikidata.org/entity/Q867088,Родриго Хиль Хонтаньон,мужской пол,1500-01-01T00:00:00Z,1577-05-31T00:00:00Z,77,Испания,Испания,
http://www.wikidata.org/entity/Q33506576,Warsaw Gate in Opatów,http://www.wikidata.org/entity/Q728694,Кшиштоф Шидловецкий,мужской пол,1467-01-01T00:00:00Z,1532-12-30T00:00:00Z,65,Польша,Польша,
http://www.wikidata.org/entity/Q4273752,Мавзолей Арыстан-Баба,http://www.wikidata.org/entity/Q8462,Тамерлан,мужской пол,1336-04-17T00:00:00Z,1405-02-27T00:00:00Z,69,Узбекистан,Казахстан,
http://www.wikidata.org/entity/Q225373,Монастырь Киккос,http://www.wikidata.org/entity/Q41600,Алексей I Комнин,мужской пол,1048-01-01T00:00:00Z,1118-08-15T00:00:00Z,70,Турция,Турция,
http://www.wikidata.org/entity/Q5909863,Q5909863,http://www.wikidata.org/entity/Q867088,Родриго Хиль Хонтаньон,мужской пол,1500-03-04T00:00:00Z,1577-05-31T00:00:00Z,77,Испания,Испания,
http://www.wikidata.org/entity/Q131391108,Siyavuş Pasha Tomb,http://www.wikidata.org/entity/Q912441,Канижели Сиявуш-паша,мужской пол,1505-01-01T00:00:00Z,1602-01-01T00:00:00Z,97,Османская империя,Турция,Эндерун
http://www.wikidata.org/entity/Q460889,Центр искусств королевы Софии,http://www.wikidata.org/entity/Q19943,Хуан Карлос I,мужской пол,1938-01-05T00:00:00Z,,,Италия,,Мадридский университет
http://www.wikidata.org/entity/Q60999779,Capela de Nossa Senhora do Desterro,http://www.wikidata.org/entity/Q36380,иезуиты,,,,,,,
http://www.wikidata.org/entity/Q460889,Центр искусств королевы Софии,http://www.wikidata.org/entity/Q19943,Хуан Карлос I,мужской пол,1938-01-05T00:00:00Z,,,Италия,,Военно-морская академия
http://www.wikidata.org/entity/Q3141015,Hosshō-ji,http://www.wikidata.org/entity/Q60949,Император Сиракава,мужской пол,1053-07-13T00:00:00Z,1129-07-31T00:00:00Z,76,Япония,Япония,
http://www.wikidata.org/entity/Q3141015,Hosshō-ji,http://www.wikidata.org/entity/Q60949,Император Сиракава,мужской пол,1053-01-01T00:00:00Z,1129-01-01T00:00:00Z,76,Япония,Япония,
http://www.wikidata.org/entity/Q1657663,Порта Салария,http://www.wikidata.org/entity/Q46780,Аврелиан,мужской пол,0214-09-09T00:00:00Z,0275-10-01T00:00:00Z,61,Сербия,Турция,
http://www.wikidata.org/entity/Q1661582,Мавзолей Ходжа Дониер (пророк Даниил),http://www.wikidata.org/entity/Q8462,Тамерлан,мужской пол,1336-04-17T00:00:00Z,1405-02-28T00:00:00Z,69,Узбекистан,Казахстан,
http://www.wikidata.org/entity/Q24879311,Monumento al Sagrado Corazón de Jesús del Cerro de los Ángeles,http://www.wikidata.org/entity/Q18363,Альфонсо XIII,мужской пол,1886-05-17T00:00:00Z,1941-02-28T00:00:00Z,55,Испания,Испания,
http://www.wikidata.org/entity/Q5050403,Замок Пиос,http://www.wikidata.org/entity/Q28779,Иньиго Лопес де Мендоса,мужской пол,1398-08-19T00:00:00Z,1458-03-25T00:00:00Z,60,Испания,Испания,
http://www.wikidata.org/entity/Q1516753,Сайходзи,http://www.wikidata.org/entity/Q1136664,Гёки,мужской пол,0668-01-01T00:00:00Z,0749-02-27T00:00:00Z,81,Япония,Япония,
http://www.wikidata.org/entity/Q5401849,Convent of Saint Paul,http://www.wikidata.org/entity/Q44091,Святой Доминик,мужской пол,1170-08-15T00:00:00Z,1221-08-13T00:00:00Z,51,Испания,Италия,Университет Паленсии
http://www.wikidata.org/entity/Q3905833,Happy Valley British Cemetery,http://www.wikidata.org/entity/Q4548766,12th (Eastern) Division,,,,,,,
http://www.wikidata.org/entity/Q28668503,Mausoleo Trivulzio,http://www.wikidata.org/entity/Q742997,Джан Джакомо Тривульцио,мужской пол,1448-01-01T00:00:00Z,1518-12-05T00:00:00Z,70,Италия,Франция,
http://www.wikidata.org/entity/Q460889,Центр искусств королевы Софии,http://www.wikidata.org/entity/Q19943,Хуан Карлос I,мужской пол,1938-01-05T00:00:00Z,,,Италия,,международная школа «Вилла Святого Иоанна»
http://www.wikidata.org/entity/Q5912270,Iglesia de la Anunciación,http://www.wikidata.org/entity/Q36380,иезуиты,,,,,,,
http://www.wikidata.org/entity/Q460889,Центр искусств королевы Софии,http://www.wikidata.org/entity/Q19943,Хуан Карлос I,мужской пол,1938-01-05T00:00:00Z,,,Италия,,Военная академия в Сарагосе
http://www.wikidata.org/entity/Q2867473,Mazingarbe Communal Cemetery Extension,http://www.wikidata.org/entity/Q4552096,16-я (ирландская) пехотная дивизия,,,,,,,
http://www.wikidata.org/entity/Q460889,Центр искусств королевы Софии,http://www.wikidata.org/entity/Q19943,Хуан Карлос I,мужской пол,1938-01-05T00:00:00Z,,,Италия,,Academia General del Aire
http://www.wikidata.org/entity/Q460889,Центр искусств королевы Софии,http://www.wikidata.org/entity/Q19943,Хуан Карлос I,мужской пол,1938-01-05T00:00:00Z,,,Италия,,Институт Святого Исидора
http://www.wikidata.org/entity/Q4273752,Мавзолей Арыстан-Баба,http://www.wikidata.org/entity/Q8462,Тамерлан,мужской пол,1336-04-17T00:00:00Z,1405-02-28T00:00:00Z,69,Узбекистан,Казахстан,
http://www.wikidata.org/entity/Q5912788,La Clerecía,http://www.wikidata.org/entity/Q36380,иезуиты,,,,,,,
http://www.wikidata.org/entity/Q1661582,Мавзолей Ходжа Дониер (пророк Даниил),http://www.wikidata.org/entity/Q8462,Тамерлан,мужской пол,1336-04-16T00:00:00Z,1405-02-27T00:00:00Z,69,Узбекистан,Казахстан,
http://www.wikidata.org/entity/Q28668503,Mausoleo Trivulzio,http://www.wikidata.org/entity/Q742997,Джан Джакомо Тривульцио,мужской пол,1440-01-01T00:00:00Z,1518-12-05T00:00:00Z,78,Италия,Франция,
http://www.wikidata.org/entity/Q1477512,Российский университет транспорта,http://www.wikidata.org/entity/Q40787,Николай II,мужской пол,1868-05-18T00:00:00Z,1918-07-17T00:00:00Z,50,Россия,Россия,
http://www.wikidata.org/entity/Q85847851,Tripolia Gate,http://www.wikidata.org/entity/Q8597,Акбар I Великий,мужской пол,1542-10-25T00:00:00Z,1605-10-15T00:00:00Z,63,Пакистан,Индия,
http://www.wikidata.org/entity/Q2748085,Irish House Cemetery,http://www.wikidata.org/entity/Q4552096,16-я (ирландская) пехотная дивизия,,,,,,,
http://www.wikidata.org/entity/Q2470666,Кызыл Куле,http://www.wikidata.org/entity/Q61964,Кей-Кубад I,мужской пол,1190-01-01T00:00:00Z,1237-01-01T00:00:00Z,47,,,
http://www.wikidata.org/entity/Q967224,Национальный монумент Джорджу Вашингтону Карверу,http://www.wikidata.org/entity/Q8007,Франклин Делано Рузвельт,мужской пол,1882-01-30T00:00:00Z,1945-04-12T00:00:00Z,63,США,США,Школа права Колумбийского университета
http://www.wikidata.org/entity/Q4146506,Гостиный двор,http://www.wikidata.org/entity/Q934916,Матвей Петрович Гагарин,мужской пол,1658-01-01T00:00:00Z,1721-03-27T00:00:00Z,63,,Россия,
http://www.wikidata.org/entity/Q4273752,Мавзолей Арыстан-Баба,http://www.wikidata.org/entity/Q8462,Тамерлан,мужской пол,1336-04-16T00:00:00Z,1405-02-27T00:00:00Z,69,Узбекистан,Казахстан,
http://www.wikidata.org/entity/Q2470666,Кызыл Куле,http://www.wikidata.org/entity/Q61964,Кей-Кубад I,мужской пол,1188-01-01T00:00:00Z,1237-01-01T00:00:00Z,49,,,
http://www.wikidata.org/entity/Q136089208,Selbstschutz memorial,http://www.wikidata.org/entity/Q136086010,Markus Tylikowski,мужской пол,,,,,,
http://www.wikidata.org/entity/Q4146506,Гостиный двор,http://www.wikidata.org/entity/Q934916,Матвей Петрович Гагарин,мужской пол,1658-01-01T00:00:00Z,1721-03-21T00:00:00Z,63,,Россия,
http://www.wikidata.org/entity/Q4440460,Староладожская крепость,http://www.wikidata.org/entity/Q7990,Рюрик,мужской пол,0830-01-01T00:00:00Z,0879-01-01T00:00:00Z,49,,Россия,
http://www.wikidata.org/entity/Q3141015,Hosshō-ji,http://www.wikidata.org/entity/Q60949,Император Сиракава,мужской пол,1053-07-13T00:00:00Z,1129-01-01T00:00:00Z,76,Япония,Япония,
http://www.wikidata.org/entity/Q967224,Национальный монумент Джорджу Вашингтону Карверу,http://www.wikidata.org/entity/Q8007,Франклин Делано Рузвельт,мужской пол,1882-01-30T00:00:00Z,1945-04-12T00:00:00Z,63,США,США,Гарвардский колледж
http://www.wikidata.org/entity/Q60173992,"Princely Pantheon of Salm-Salm, Anholt",http://www.wikidata.org/entity/Q955938,"Charles Theodore, Prince of Salm",мужской пол,1645-07-07T00:00:00Z,1710-11-10T00:00:00Z,65,Германия,Германия,
http://www.wikidata.org/entity/Q527029,Античный храм в Сан-Суси,http://www.wikidata.org/entity/Q33550,Фридрих II Прусский,мужской пол,1712-01-24T00:00:00Z,1786-08-17T00:00:00Z,74,Германия,Германия,
http://www.wikidata.org/entity/Q123568503,Монумент советскому солдату на Зееловских высотах,http://www.wikidata.org/entity/Q15180,СССР,,,,,,,
http://www.wikidata.org/entity/Q20978709,Haguenau French National Cemetery,http://www.wikidata.org/entity/Q183,Германия,,,,,,,
http://www.wikidata.org/entity/Q1154819,Мавзолей Мао Цзэдуна,http://www.wikidata.org/entity/Q41570,Хуа Гофэн,мужской пол,1921-02-16T00:00:00Z,2008-08-20T00:00:00Z,87,Китай,Китай,
http://www.wikidata.org/entity/Q1808245,Croonaert Chapel Cemetery,http://www.wikidata.org/entity/Q4595720,19th (Western) Division,,,,,,,
http://www.wikidata.org/entity/Q3141015,Hosshō-ji,http://www.wikidata.org/entity/Q60949,Император Сиракава,мужской пол,1053-01-01T00:00:00Z,1129-07-31T00:00:00Z,76,Япония,Япония,
http://www.wikidata.org/entity/Q4146506,Гостиный двор,http://www.wikidata.org/entity/Q934916,Матвей Петрович Гагарин,мужской пол,1659-01-01T00:00:00Z,1721-03-27T00:00:00Z,62,,Россия,
http://www.wikidata.org/entity/Q967224,Национальный монумент Джорджу Вашингтону Карверу,http://www.wikidata.org/entity/Q8007,Франклин Делано Рузвельт,мужской пол,1882-01-30T00:00:00Z,1945-04-12T00:00:00Z,63,США,США,Школа Гротон
http://www.wikidata.org/entity/Q1661582,Мавзолей Ходжа Дониер (пророк Даниил),http://www.wikidata.org/entity/Q8462,Тамерлан,мужской пол,1336-04-16T00:00:00Z,1405-02-28T00:00:00Z,69,Узбекистан,Казахстан,
